"date","student","program","campus","sex","nationality","age","holis1","holis2","holis3","holis4","holis5","social1","social2","social3","social4","econ1","econ2","econ3","change","argument","country","holis","social","econ"
45783.6420949074,1,"LAET","Guadalajara","Mujer","Mexicana","21 a 22 a&#241;os",4,5,5,5,5,5,5,5,5,5,5,5,10,NA,"M&#233;xico",4.8,5,5
45783.6432523148,2,"LAET","Guadalajara","Mujer","Mexicana","21 a 22 a&#241;os",5,4,5,4,5,4,2,5,5,4,5,4,10,"xml:space=""preserve"">Encontr&#233; formas de hacer negocios sostenibles y sustentables que puedan estar en equilibrio con el rendimiento financiero a la par del aprovechamiento responsable de recursos ","M&#233;xico",4.6,4,4.33333333333333
45783.643275463,3,"LAET","Guadalajara","Mujer","Mexicana","23 a 24 a&#241;os",5,2,4,5,5,5,5,3,4,4,5,4,8,"aprend&#237; sobre TBL, valor compartido y negocios concientes","M&#233;xico",4.2,4.25,4.33333333333333
45783.6434259259,4,"LAET","Guadalajara","Mujer","Mexicana","21 a 22 a&#241;os",4,2,5,3,4,5,3,3,4,5,5,4,7,".","M&#233;xico",3.6,3.75,4.66666666666667
45783.6440162037,5,"LAET","Guadalajara","Hombre","Mexicana","23 a 24 a&#241;os",5,4,4,5,4,5,3,4,4,4,3,5,8,"xml:space=""preserve"">Hasta ahora aplique lo aprendido sobre la sostentabilidad en el ambito de los negocios y me di cuenta que si se pueden tomar acciones sostenibles y aun as&#237; tener un negocio que genere ganancias ","M&#233;xico",4.4,4,4
45783.6442013889,6,"LAET","Guadalajara","Mujer","Mexicana","21 a 22 a&#241;os",5,5,5,3,5,4,5,4,5,5,5,5,9,"xml:space=""preserve"">Si bien desde antes me preocupaba el medio ambiente y mi impacto en el mismo, el hecho de que en la carrera siempre nos inculcaran la responsabilidad ambiental y se hiciera tanto hincapi&#233; en los ODS reforz&#243; mi compromiso hacia la sostenibilidad. ","M&#233;xico",4.6,4.5,5
45783.6450347222,7,"LAET","Guadalajara","Mujer","Mexicana","21 a 22 a&#241;os",5,2,5,4,4,4,5,4,3,4,4,5,9,"Las clases que se impartieron siempre dieron un enfoque y ka importancia de crear valor no solo econ&#243;mico sino para el entorno.","M&#233;xico",4,4,4.33333333333333
45783.6453009259,8,"LAET","Guadalajara","Hombre","Mexicana","21 a 22 a&#241;os",5,5,5,4,4,4,4,4,4,4,4,4,9,"Por los temas que vimos de negocios conscientes","M&#233;xico",4.6,4,4
45783.6455208333,9,"LAET","Guadalajara","Hombre","Mexicana","21 a 22 a&#241;os",1,4,5,3,5,1,4,2,1,5,4,3,6,"Si bien s&#237; procuro evitar generar da&#241;os de la mayor manera posible (ej. cargar con un termo para llenarlo en la escuela o gimnasio, evitar dejar las luces encendidas o el agua corriendo, etc.) y es algo que comenc&#233; a hacer desde que me encuentro en universidad, no considero que haya modificado mis opciones en cuanto a las personas con las que me junto o los productos/alimentos que consumo y de d&#243;nde provienen. Por ello, podr&#237;a decir que de manera general me encuentro en un punto medio.","M&#233;xico",3.6,2,4
45783.6455671296,10,"LAET","Guadalajara","Mujer","Mexicana","21 a 22 a&#241;os",5,4,5,4,5,4,4,4,3,4,4,4,8,"Considero que si ha cambiado mi mentalidad un 80% pero no al 100% pues al tener acceso m&#225;s f&#225;cil a las cosas menos sostenibles, eso hace que no actue al 100 conforme a eso.","M&#233;xico",4.6,3.75,4
45783.6457638889,11,"LAET","Guadalajara","Mujer","Mexicana","21 a 22 a&#241;os",2,2,4,4,4,4,4,4,4,3,5,4,7,"xml:space=""preserve"">Por lo que vimos en las clases y tambi&#233;n con los socios formadores ","M&#233;xico",3.2,4,4
45783.6465972222,12,"LAET","Guadalajara","Hombre","Mexicana","23 a 24 a&#241;os",1,3,3,4,3,3,3,3,3,3,3,3,10,"La carrera tiene programas, temas y materias enfocadas al tema de la sustentabilidad.","M&#233;xico",2.8,3,3
45783.648599537,13,"LAET","Guadalajara","Hombre","Ecuatoriana","21 a 22 a&#241;os",4,3,3,3,5,3,3,3,3,4,5,3,8,"xml:space=""preserve"">Por ciertos socios formadores que me llevaorn a investigar sobre el tema
","Ecuador",3.6,3,4
45783.6487037037,14,"LAET","Guadalajara","Mujer","Mexicana","21 a 22 a&#241;os",5,4,5,5,5,5,5,4,5,4,4,4,10,"xml:space=""preserve"">Dado a clases y proyectos que he trabajado, as&#237; como los protocolos y procesos de la instituci&#243;n he aprendido mucho spbre el tema. ","M&#233;xico",4.8,4.75,4
45783.6490046296,15,"LAET","Guadalajara","Mujer","Mexicana","21 a 22 a&#241;os",5,3,5,4,5,4,5,3,5,3,5,4,8,"A lo largo de la carrera pude aprender a tener una perspectiva de sustentabilidad, nos brindaron las bases de conocimiento.","M&#233;xico",4.4,4.25,4
45783.6495833333,16,"LAET","Guadalajara","Mujer","Mexicana","21 a 22 a&#241;os",5,1,5,3,5,3,5,3,4,3,4,3,10,"Debido a que en cada bloque ve&#237;amos algo relacionado con la sustentabilidad, ya que este tema ya es esencial hoy en d&#237;a para TODAS las empresas. Entonces trabajar con ello, me ha ayudado a ser mas cuidadosa en muchas cosas","M&#233;xico",3.8,3.75,3.33333333333333
45783.6506481481,17,"LAET","Guadalajara","Hombre","Mexicana","21 a 22 a&#241;os",5,5,5,5,4,4,4,3,4,5,5,5,9,"xml:space=""preserve"">Hubieron algunas cosas de las cu&#225;les no estaba enterado ","M&#233;xico",4.8,3.75,5
45783.6676967593,18,"LAET","Guadalajara","Hombre","Mexicana","21 a 22 a&#241;os",5,5,5,5,5,5,5,5,5,5,5,5,10,"Por lo que hemos visto en clase","M&#233;xico",5,5,5
45783.6708333333,19,"LAET","Guadalajara","Hombre","Mexicana","21 a 22 a&#241;os",4,4,4,5,4,3,4,4,3,4,4,3,8,"Por los aprendizajes y las lecciones","M&#233;xico",4.2,3.5,3.66666666666667
45783.6721643518,20,"LAET","Guadalajara","Hombre","Estadounidense","21 a 22 a&#241;os",5,5,4,3,5,5,4,3,5,2,4,4,8,"xml:space=""preserve"">Ya ten&#237;a conocimientos previos ","USA",4.4,4.25,3.33333333333333
45783.6732175926,21,"LAET","Guadalajara","Hombre","Mexicana","21 a 22 a&#241;os",4,5,5,3,3,4,4,2,4,3,4,4,10,"Tuve concentracion de negocios conscientes donde conoci sobre varios temas acerca de las buenas practicasd laborales y como de verdad hacen un cambio en la sociedad.","M&#233;xico",4,3.5,3.66666666666667
45783.7299652778,22,"LAET","Guadalajara","Hombre","Mexicana","21 a 22 a&#241;os",2,4,4,4,4,4,4,4,4,4,4,4,8,"Por que no la practico del todo.","M&#233;xico",3.6,4,4
45783.7313194444,23,"LAET","Guadalajara","Mujer","Mexicana","23 a 24 a&#241;os",4,3,5,2,5,4,5,4,5,4,4,4,8,"xml:space=""preserve"">Pues el TEC complement&#243; mi educaci&#243;n sobre la sostenibilidad, pero la mayor&#237;a lo adquiero de internet. ","M&#233;xico",3.8,4.5,4
45783.7315509259,24,"LAET","Guadalajara","Hombre","Mexicana","21 a 22 a&#241;os",4,3,4,3,5,4,3,5,5,4,4,3,8,"xml:space=""preserve"">Aprend&#237; cosas que antes podr&#237;a no tomar en cuenta y tengo una perspectiva m&#225;s completa en mi toma de decisiones, valorando y tomando a consideracion todos los aspectos. ","M&#233;xico",3.8,4.25,3.66666666666667
45783.731724537,25,"LAET","Guadalajara","Mujer","Mexicana","21 a 22 a&#241;os",4,3,5,4,3,5,4,2,4,3,5,5,9,"He podido aprender bastante informaci&#243;n sobre el medio ambiente, la importancia de la sostenibilidad y mi conciencia sobre esos temas han incrementado.","M&#233;xico",3.8,3.75,4.33333333333333
45783.7317708333,26,"LAET","Guadalajara","Hombre","Mexicana","21 a 22 a&#241;os",5,2,3,2,4,4,2,5,5,5,4,1,10,"Cambi&#243; mi mentalidad porque antes pensaba que hacer negocios era solo hacer dinero, sin embargo ahora se que los negocios son para buscar un impacto positivo en la sociedad y en el medio ambiente.","M&#233;xico",3.2,4,3.33333333333333
45783.7318634259,27,"LAET","Guadalajara","Hombre","Mexicana","23 a 24 a&#241;os",5,2,3,3,4,3,5,4,3,5,3,4,6,"xml:space=""preserve"">sIENTO QUE NECESITO ESTUDIAR MAS EL TEMA ","M&#233;xico",3.4,3.75,4
45783.7320023148,28,"LAET","Guadalajara","Mujer","Mexicana","21 a 22 a&#241;os",5,1,5,2,3,3,5,4,4,5,2,5,8,"aprend&#237; sobre creaci&#243;n de valor compartido, innovaci&#243;n de modelos de negocios, y empresas tipo b; juntando as&#237; un enfoque de &#233;tica empresarial, con el objetivo de generar tambi&#233;n un impacto en la sociedad, y crear beneficios tangibles para todas las partes","M&#233;xico",3.2,4,4
45783.7321990741,29,"LAET","Guadalajara","Hombre","Mexicana","21 a 22 a&#241;os",4,5,5,4,4,4,5,4,5,4,2,4,10,"Entender el impacto que tienen las operaciones diarias de empresas locales me hace pensar el impacto que tienen las empresas globales que operan en mayores cantidades.","M&#233;xico",4.4,4.5,3.33333333333333
45783.732337963,30,"LAET","Guadalajara","Hombre","Mexicana","21 a 22 a&#241;os",4,4,5,4,5,4,5,4,5,4,3,4,10,"xml:space=""preserve"">He tocado los temas de sustentabilidad con mayor frecuencia y me ha interesado el tema
","M&#233;xico",4.4,4.5,3.66666666666667
45783.7323842593,31,"LAET","Guadalajara","Hombre","Mexicana","21 a 22 a&#241;os",5,3,5,2,3,5,5,5,5,3,4,2,10,"xml:space=""preserve"">En el &#225;rea de negocios, como l&#237;der empresarial, uno debe desarrollar estrategias que garanticen un impacto positivo a nivel econ&#243;mico, social y medioambiental. Esto, no s&#243;lo est&#225; relacionado con actividades de filantrop&#237;a, sino tambi&#233;n con Corporate Shared Value (hacer dinero al mismo tiempo que se apoyan causas sociales y ambientales como parte del core del negocio). Lo anterior, acompa&#241;ado con un prop&#243;sito superior que gu&#237;e el bienestar de la empresa y de sus stakeholders. ","M&#233;xico",3.6,5,3
45783.7325462963,32,"LAET","Guadalajara","Hombre","Chilena","21 a 22 a&#241;os",5,3,4,4,4,4,3,3,3,4,4,4,7,"xml:space=""preserve"">He aprendido sobre valor compartido y responsabilidad social ","Chile",4,3.25,4
45783.7327430556,33,"LAET","Guadalajara","Mujer","Mexicana","21 a 22 a&#241;os",5,4,4,3,4,5,5,3,4,3,4,4,8,"En la forma que las empresas ayudan al medio ambiente","M&#233;xico",4,4.25,3.66666666666667
45783.732962963,34,"LAET","Guadalajara","Mujer","Mexicana","21 a 22 a&#241;os",5,5,5,3,3,5,4,3,5,5,4,3,10,"Lleve una optativa que me conscientiz&#243; mucho sobre el medio ambiente y el impacto que le causamos. Llevaba la frase de procesos ecol&#243;gicos en su nombre.","M&#233;xico",4.2,4.25,4
45783.7332060185,35,"LAET","Guadalajara","Hombre","Mexicana","21 a 22 a&#241;os",5,4,5,4,5,3,5,3,5,4,5,3,9,"xml:space=""preserve"">Siento que realmente si hubo un cambio grande, ya que hace unos a&#241;os no le daba la cierta importancia al tema de sostenibilidad y ahora siento que es esencial para cualquier cosa y momento ","M&#233;xico",4.6,4,4
45783.7335069445,36,"LAET","Guadalajara","Mujer","Mexicana","21 a 22 a&#241;os",4,3,5,5,5,5,5,4,4,5,4,5,10,"xml:space=""preserve"">gracias a la carrera he tomado mas conciencia sobre mis actos y como afectan las industrias a estas cosas, muchas personas ni se detienen a pensar que en realidad es un problema ","M&#233;xico",4.4,4.5,4.66666666666667
45783.7337037037,37,"LAET","Guadalajara","Mujer","Mexicana","21 a 22 a&#241;os",5,5,5,4,5,3,5,5,4,4,4,4,7,"xml:space=""preserve"">TUVO GRAN IMPACTO PERO Necesito SER M&#193;S CONSCIENTE ","M&#233;xico",4.8,4.25,4
45783.7337731482,38,"LAET","Guadalajara","Mujer","Mexicana","21 a 22 a&#241;os",5,3,4,4,5,5,4,2,4,4,3,5,8,"A lo largo de la carrera vi distintos puntos acerca de esto por lo que cual me ayudo a desarrollar mi pensamiento y perspectiva acerca de varios aspectos relacionado con esto","M&#233;xico",4.2,3.75,4
45783.7340509259,39,"LAET","Guadalajara","Mujer","Salvadore&#241;a","21 a 22 a&#241;os",5,3,5,1,5,5,1,5,1,1,5,5,8,"considero haber aprendido mucho pero siento que aun me falta informarme m&#225;s","El Salvador",3.8,3,3.66666666666667
45783.7341666667,40,"LAET","Guadalajara","Mujer","Mexicana","21 a 22 a&#241;os",5,3,4,4,5,4,5,3,5,3,4,5,6,"Si te ense&#241;an sobre el impacto ambiental y como se pueden hacer negocios cuidando el impacto ambiental que tenemos.","M&#233;xico",4.2,4.25,4
45783.7347106481,41,"LAET","Guadalajara","Hombre","Mexicana","21 a 22 a&#241;os",4,4,4,3,4,3,4,3,4,4,3,3,8,"xml:space=""preserve"">Por todos los casos en vistos en las materias ","M&#233;xico",3.8,3.5,3.33333333333333
45783.7348842593,42,"LAET","Guadalajara","Mujer","Mexicana","21 a 22 a&#241;os",5,4,5,4,4,4,4,2,4,5,4,4,8,"Te vas haciendo m&#225;s consciente de tus actos del d&#237;a a d&#237;a gracias a todo lo que puedes llegar a darte cuenta","M&#233;xico",4.4,3.5,4.33333333333333
45783.7349189815,43,"LAET","Guadalajara","Mujer","Mexicana","21 a 22 a&#241;os",5,3,1,5,4,4,4,3,5,4,4,4,9,"xml:space=""preserve"">Considero que aun necesito ser un poco m&#225;s consciente en algunas acciones sin embargo me preocupa a futuro por lo que si busco implementarlo ","M&#233;xico",3.6,4,4
45783.7349652778,44,"LAET","Guadalajara","Mujer","Mexicana","21 a 22 a&#241;os",4,3,5,5,4,5,5,5,5,5,5,5,9,"xml:space=""preserve"">Considero que con diferentes materias nos han concientizado de mejor manera y nos han hecho buscar estrategias sobre como podemos impactar positivamente. ","M&#233;xico",4.2,5,5
45783.7355671296,45,"LAET","Guadalajara","Hombre","Mexicana","21 a 22 a&#241;os",4,4,3,2,5,5,3,1,4,4,2,3,8,"Realmente me considero una persona que piensa respecto a la sostenibilidad, y creo que a lo largo de la carrera tambi&#233;n me hizo pensar cosas nuevas que normalmente no las pensaba.","M&#233;xico",3.6,3.25,3
45783.7603819444,46,"LAET","Guadalajara","Mujer","Mexicana","21 a 22 a&#241;os",5,4,4,2,4,3,5,4,3,4,3,3,8,"Me di cuenta que hay un tipo de consumidor que se fija en tendencias sustentables al momento de realizar una compra.","M&#233;xico",3.8,3.75,3.33333333333333
45785.5432060185,47,"LAET","Guadalajara","Hombre","Mexicana","21 a 22 a&#241;os",5,3,5,2,5,5,4,5,5,5,5,4,8,"Considero que al rededor de mi carrera tuve la oportunidad de estar dentro de bloques o materias que abordaban estos temas y pude tener mayor conocimiento de ello, como las empresas aplican las ODS y como con ello pueden abrir puertas a oportunidades, lo cual considero que es de gran importancia, ya que antes no lograba ver el impacto que puede causar una empresa socialmente responsable a una tradicional que no adopta estos procesos.","M&#233;xico",4,4.75,4.66666666666667
45785.8040046296,48,"LAET","Sinaloa","Hombre","Mexicana","25 a&#241;os o m&#225;s",5,1,2,5,4,3,4,2,3,4,3,5,7,"No era mucho de poner atenci&#243;n a este tipo de temas, pero ahora si estoy m&#225;s consciente de estas situaciones y como mi comportamiento y decisiones tienen un impacto.","M&#233;xico",3.4,3,4
45785.8048263889,49,"LAET","Sinaloa","Mujer","Mexicana","21 a 22 a&#241;os",3,5,5,5,5,5,5,5,5,5,5,5,10,"La optativa de ecolog&#237;a con Daniel chiquete fue lo que m&#225;s cambi&#243; mi perspectiva por todos los temas que tocaron, se me hizo muy interesante, y por su puesto en todas las materias casi siempre toc&#225;bamos los ODS o aprendimos los est&#225;ndares GRI","M&#233;xico",4.6,5,5
45785.8085185185,50,"LAET","Sinaloa","Hombre","Mexicana","21 a 22 a&#241;os",5,1,5,1,5,2,5,5,3,2,2,5,4,"Creo que aunque si tenemos responsabilidad individual, nos deberian inculcar mas el exigir a las entidades gubernamentales la regulacion de las grandes empresas y de los grandes contaminantes, ya que son esos los principales problemas, aunque eso sacrifique nuestro estilo de vida, esto ayudaria a que cada vez mas gente exiga esto y que se vea mas el problema de raiz.","M&#233;xico",3.4,3.75,3
45785.8092824074,51,"LAET","Sinaloa","Mujer","Mexicana","21 a 22 a&#241;os",4,3,4,4,4,4,5,3,4,4,4,3,7,"xml:space=""preserve"">Ya que ense&#241;an mas que nada no solo teor&#237;a sobre las materias, sino que involucran otro aspecto que es lo ambiental y lo que pasa alrededor del mundo ","M&#233;xico",3.8,4,3.66666666666667
45785.8097453704,52,"LAET","Sinaloa","Hombre","Mexicana","23 a 24 a&#241;os",5,5,5,4,5,4,5,4,5,4,4,5,9,"Me ayud&#243; a conocer cu&#225;les son las causas reales con datos duros dentro de los negocios pero en mi casa ya ten&#237;amos una fuerte educaci&#243;n sobre el cuidado del medioambiente. Sin embargo, creo que el poder hacer un verdadero cambio est&#225; realmente en las grandes corporaciones.","M&#233;xico",4.8,4.5,4.33333333333333
45785.8113657407,53,"LAET","Sinaloa","Mujer","Mexicana","25 a&#241;os o m&#225;s",5,5,5,3,5,5,5,5,5,5,5,5,10,"xml:space=""preserve"">Por qu&#233; he estado en diferentes proyectos que me han ayudado a comprender la importancia de la sostenibilidad y lo desenfocados que estamos como sociedad , tambi&#233;n me ha abierto mente para hacer proyectos dirigidos al sentido humano. ","M&#233;xico",4.6,5,5
45785.8206712963,54,"LAET","Sinaloa","Hombre","Mexicana","21 a 22 a&#241;os",4,4,4,4,4,4,4,4,4,4,4,4,6,"POCO","M&#233;xico",4,4,4
45785.8227546296,55,"LAET","Sinaloa","Hombre","Mexicana","21 a 22 a&#241;os",5,5,4,4,5,4,4,4,4,4,5,5,9,"xml:space=""preserve"">Han cambiado de manera positiva desde que se toman las decisiones ya que tienes un panorama de manera positiva de c&#243;mo se puede impactar a la organizaci&#243;n junto con los stakeholders involucrados no solo pensar en el tema econ&#243;mico y dejar a un lado el impacto ambiental e igual que es una distinci&#243;n para la organizaci&#243;n en la forma en que la sociedad la veda y puede generar un plus  ","M&#233;xico",4.6,4,4.66666666666667
45785.8268518519,56,"LAET","Sinaloa","Mujer","Mexicana","21 a 22 a&#241;os",5,3,4,4,5,2,4,3,5,4,3,3,10,"He creado mayor conciencia a raiz de unos libros que estoy leyendo","M&#233;xico",4.2,3.5,3.33333333333333
45789.738900463,57,"LAF","Sinaloa","Mujer","Mexicana","23 a 24 a&#241;os",5,5,5,5,5,5,3,4,4,4,5,2,10,"xml:space=""preserve"">Noto que tenemos diferentes habitos que el resto de comunidades
","M&#233;xico",5,4,3.66666666666667
45789.7389236111,58,"LAF","Sinaloa","Mujer","Mexicana","21 a 22 a&#241;os",5,5,5,4,5,4,4,4,4,4,5,4,7,"xml:space=""preserve"">si vimos temas relacionados pero no sobre concientizarnos si no mas hacia las empresas y negocios ","M&#233;xico",4.8,4,4.33333333333333
45789.7399768519,59,"LAF","Sinaloa","Hombre","Mexicana","21 a 22 a&#241;os",5,2,2,3,4,2,3,1,1,4,4,2,5,"no","M&#233;xico",3.2,1.75,3.33333333333333
45789.7401967593,60,"LAF","Sinaloa","Hombre","Mexicana","21 a 22 a&#241;os",4,4,4,4,5,3,4,2,4,4,4,5,6,"xml:space=""preserve"">Los temas vistos durante las materias no eran arduamente convincentes. Suenan m&#225;s a doctrina que a un verdadero problema a resolver. ","M&#233;xico",4.2,3.25,4.33333333333333
45789.7402430556,61,"LAF","Sinaloa","Mujer","Mexicana","21 a 22 a&#241;os",5,3,5,4,5,5,5,4,4,5,3,5,9,"En s&#237;, no cambi&#243; mi mentalidad, sino que reforz&#243; conocimientos, valores y costumbres que ya tra&#237;a desde peque&#241;a. Fueron buenos temas que al hacer conciencia se puede lograr un cambio.","M&#233;xico",4.4,4.5,4.33333333333333
45789.7406828704,62,"LAF","Sinaloa","Mujer","Mexicana","21 a 22 a&#241;os",5,5,5,4,5,5,4,5,5,3,5,5,10,"Al realizar la concentraci&#243;n en Negocios Conscientes aprend&#237; bastante de todo lo que rodea a la sostenibilidad desde mi vida personal hasta el mundo corporativo","M&#233;xico",4.8,4.75,4.33333333333333
45789.7407523148,63,"LAF","Sinaloa","Hombre","Mexicana","21 a 22 a&#241;os",4,5,5,4,5,3,4,2,4,5,4,4,10,"Vimos muchos contenidos respecto a este tema y me cambi&#243; la forma de verlo","M&#233;xico",4.6,3.25,4.33333333333333
45789.7407638889,64,"LAF","Sinaloa","Hombre","Mexicana","21 a 22 a&#241;os",2,2,3,2,2,4,4,4,4,2,4,4,7,"La verdad es que no cambia mucho, me ayuda a comprender de una mejor manera las tendencias que estan marcando al mundo.","M&#233;xico",2.2,4,3.33333333333333
45789.7408217593,65,"LAF","Sinaloa","Hombre","Mexicana","21 a 22 a&#241;os",2,4,5,4,3,3,5,4,1,3,4,4,8,"Aprendi y desaprendi ciertas cosas del tema a pesar de que ya habia tenido educaci&#243;n en esos temas.","M&#233;xico",3.6,3.25,3.66666666666667
45789.7409143519,66,"LAF","Sinaloa","Mujer","Mexicana","21 a 22 a&#241;os",5,4,5,4,5,5,5,5,4,5,4,4,10,"xml:space=""preserve"">Estar en un ambiente rodeado que busca tener un impacto ambiental me ayudo a tener mas conciencia en el tema y pensar antes de tomar una desici&#243;n ","M&#233;xico",4.6,4.75,4.33333333333333
45789.7409837963,67,"LAF","Sinaloa","Hombre","Mexicana","21 a 22 a&#241;os",2,4,4,2,3,2,2,2,2,4,4,4,4,"Clases de negocios conscientes","M&#233;xico",3,2,4
45789.7412847222,68,"LAF","Sinaloa","Mujer","Mexicana","21 a 22 a&#241;os",4,5,4,3,4,5,4,3,5,5,5,5,10,"xml:space=""preserve"">En clase hablamos m&#225;s sobre practicas sostenibles y del cumplimiento de ODS 2030 ","M&#233;xico",4,4.25,5
45789.7413078704,69,"LAF","Sinaloa","Mujer","Mexicana","21 a 22 a&#241;os",5,3,5,2,4,4,5,4,5,5,3,4,4,"Siempre he sido consiente de eso independientemente de lo que me ense&#241;an en la escuela.","M&#233;xico",3.8,4.5,4
45789.7423726852,70,"LAF","Sinaloa","Mujer","Mexicana","21 a 22 a&#241;os",5,5,5,4,5,4,5,1,5,3,4,2,10,"Tuve varias clases que me permitieron reflexionar m&#225;s sobre este tema y aprender c&#243;mo puedo ayudar e impactar","M&#233;xico",4.8,3.75,3
45789.7423726852,71,"LAF","Sinaloa","Mujer","Mexicana","21 a 22 a&#241;os",5,4,4,5,5,4,5,3,5,5,5,5,10,"xml:space=""preserve"">considero que mi mentalidad ha ayudado a cambiar algunos comportamienos que he tenido en mis acciones y vida. ","M&#233;xico",4.6,4.25,5
45789.7424884259,72,"LAF","Sinaloa","Hombre","Mexicana","21 a 22 a&#241;os",3,5,4,3,3,3,5,3,3,3,3,3,9,"Porque se abordan muchos temas de eso","M&#233;xico",3.6,3.5,3
45789.7425,73,"LAF","Sinaloa","Hombre","Mexicana","21 a 22 a&#241;os",4,3,5,4,5,5,5,4,4,3,4,5,10,"xml:space=""preserve"">Por que la tierra gira y las cosas te ayudan a cambiar de opinion
","M&#233;xico",4.2,4.5,4
45789.7440277778,74,"LAF","Sinaloa","Hombre","Mexicana","21 a 22 a&#241;os",4,4,5,5,5,3,5,3,5,5,3,5,7,"Mi enfoque y pensamiento sobre la importancia de una mentalidad que enfoca el cambio del medio ambiente y su cuidado a incrementado pero a&#250;n considero que hay puntos en este pensamiento que fallan al ser tan radicales.","M&#233;xico",4.6,4,4.33333333333333
45789.7454861111,75,"LAF","Sinaloa","Hombre","Mexicana","21 a 22 a&#241;os",2,5,5,2,4,3,4,4,1,3,4,3,8,"Si estuve viendo algunos temas importantes al respecto","M&#233;xico",3.6,3,3.33333333333333
45789.7458217593,76,"LAF","Sinaloa","Hombre","Mexicana","21 a 22 a&#241;os",4,3,4,4,3,5,3,2,2,3,4,4,10,"xml:space=""preserve"">Me han bri{ndado mucha informacion y conocimiento relevante para cambiar mi punto de vista hacia el tema ","M&#233;xico",3.6,3,3.66666666666667
45791.6104398148,77,"LAET","Sinaloa","Hombre","Mexicana","21 a 22 a&#241;os",5,4,5,5,5,4,4,2,4,4,4,5,9,"xml:space=""preserve"">Entend&#237; como una empresa podr&#237;a generar dinero y a la vez hacer un bien al medio ambiente o a la sociedad ","M&#233;xico",4.8,3.5,4.33333333333333
45791.67125,78,"LAET","Otro","Hombre","Mexicana","23 a 24 a&#241;os",5,3,3,4,4,4,2,4,3,4,3,3,9,"Durante toda la carrera fue muy com&#250;n que vi&#233;ramos aspectos relacionados a la importancia de la sostenibilidad","M&#233;xico",3.8,3.25,3.33333333333333
45791.6717939815,80,"LAET","Otro","Mujer","Mexicana","23 a 24 a&#241;os",3,4,3,4,3,3,2,4,4,4,3,4,5,"xml:space=""preserve"">En muchos aspectos contaminamos y no nos damos cuenta o tampoco queremos cambiar la rutina que ya tenemos ","M&#233;xico",3.4,3.25,3.66666666666667
45791.6723032407,81,"LAET","Otro","Mujer","Mexicana","21 a 22 a&#241;os",5,4,3,2,5,4,4,5,5,2,3,2,9,"xml:space=""preserve"">En la carrera de LAE nos mostraron diferentes herramientas, certificados, metodologias, etc. ","M&#233;xico",3.8,4.5,2.33333333333333
45791.672662037,82,"LAET","Otro","Mujer","Mexicana","21 a 22 a&#241;os",4,5,4,3,4,4,3,2,2,4,3,2,7,".","M&#233;xico",4,2.75,3
45791.6727662037,83,"LAET","Otro","Hombre","Mexicana","21 a 22 a&#241;os",5,4,5,4,4,4,4,3,4,5,4,4,9,"Durante mi crecimiento profesional he puesto en duda varios aspectos que segun yo conocia como definitivos, adquirir nuevos conocimientos, ampliar mi vision y tomar el mundo con una mentalidad mas madura, han sido parte del cambio de comportamiento","M&#233;xico",4.4,3.75,4.33333333333333
45791.6727662037,84,"LAET","Otro","Hombre","Mexicana","23 a 24 a&#241;os",5,4,4,4,5,5,5,5,4,5,5,5,10,"Al llevar diferentes clases con tematicas al respecto, han hecho que me vuelva un consumidor consiente, al final de todo es un problemas que tenemos enfrente de nosotros que no podemos ignorar.","M&#233;xico",4.4,4.75,5
45791.6780555556,85,"LAET","Otro","Hombre","Mexicana","21 a 22 a&#241;os",5,3,5,4,4,3,5,5,4,4,4,4,9,"Tengo mejores pr&#225;cticas sostenibles en mi d&#237;a a d&#237;a","M&#233;xico",4.2,4.25,4
45791.7751967593,86,"LAET","Le&#243;n","Hombre","Mexicana","21 a 22 a&#241;os",5,3,4,5,4,4,5,5,4,5,5,5,6,"xml:space=""preserve"">pues ","M&#233;xico",4.2,4.5,5
45791.7754050926,87,"LAET","Le&#243;n","Hombre","Mexicana","23 a 24 a&#241;os",5,4,3,3,4,4,4,3,4,2,4,4,7,"Debido a lo vivido en el TEC","M&#233;xico",3.8,3.75,3.33333333333333
45791.7755671296,88,"LAET","Le&#243;n","Mujer","Mexicana","23 a 24 a&#241;os",4,4,5,3,5,5,5,3,5,4,4,5,10,"Considero que mi mentalidad y comportamiento respecto a la sostenibilidad cambiaron de manera significativa gracias a mi carrera en Estrategia y Transformaci&#243;n de Negocios. Aprend&#237; a integrar pr&#225;cticas sostenibles como un factor clave para el &#233;xito y la responsabilidad empresarial, comprendiendo que el crecimiento econ&#243;mico debe ir de la mano con el cuidado ambiental y social. Por eso, en una escala del 1 al 10, mi cambio es un 10, ya que ahora aplico estos conceptos en la toma de decisiones y en la visi&#243;n estrat&#233;gica de los negocios","M&#233;xico",4.2,4.5,4.33333333333333
45791.7756481481,89,"LAET","Le&#243;n","Hombre","Mexicana","21 a 22 a&#241;os",5,3,4,3,4,4,2,3,2,2,2,5,8,"xml:space=""preserve"">El Tec me ha dado muchas herramientas y esquemas en donde analizo el impacto del mundo y del ambiente en los negocios y han dando pie a que piense m&#225;s en este tipo de temas ","M&#233;xico",3.8,2.75,3
45791.776724537,90,"LAET","Le&#243;n","Hombre","Mexicana","23 a 24 a&#241;os",4,3,5,4,4,3,4,3,4,5,3,5,5,"No mucho","M&#233;xico",4,3.5,4.33333333333333
45791.776875,91,"LAET","Le&#243;n","Hombre","Mexicana","21 a 22 a&#241;os",4,4,4,2,4,3,3,4,2,2,4,2,6,"Considero que se le da enfoque durante la carrera pero no tanto.","M&#233;xico",3.6,3,2.66666666666667
45791.7773263889,92,"LAET","Le&#243;n","Hombre","Mexicana","21 a 22 a&#241;os",5,2,4,4,5,2,1,4,2,3,2,5,7,"xml:space=""preserve"">pues si nos ense&#241;aron a llevar negocios conscientes ","M&#233;xico",4,2.25,3.33333333333333
45791.777349537,93,"LAET","Le&#243;n","Hombre","Mexicana","21 a 22 a&#241;os",4,2,4,3,4,4,3,2,3,3,4,4,8,"Ve&#237;amos mucho temas sustentables y aprend&#237; mucho","M&#233;xico",3.4,3,3.66666666666667
45792.6829976852,94,"LAF","Aguascalientes","Hombre","Mexicana","21 a 22 a&#241;os",4,3,4,5,4,4,5,4,4,4,4,4,8,"Varias clases que nos implementan buenas acciones","M&#233;xico",4,4.25,4
45792.6839351852,95,"LAF","Aguascalientes","Mujer","Mexicana","21 a 22 a&#241;os",5,4,5,3,4,2,5,3,2,4,4,5,6,"A pesar de que vimos varios temas ecol&#243;gicos siento que el entorno global y las circunstancias son diferentes y puede cambiarte un poco la idea. La clase q m&#225;s me ayud&#243; fue bimiometica","M&#233;xico",4.2,3,4.33333333333333
45792.6844328704,96,"LAF","Aguascalientes","Hombre","Mexicana","23 a 24 a&#241;os",5,3,4,5,4,3,3,4,4,5,4,5,9,"Las materias y temas de finanzas sustentables definitivamente cambiaron mi mentalidad, ya que me hicieron m&#225;s consciente de los efectos negativos que los negocios pueden llegar a tener en el medio ambiente.","M&#233;xico",4.2,3.5,4.66666666666667
45792.6855555556,97,"LAF","Aguascalientes","Hombre","Mexicana","21 a 22 a&#241;os",2,4,2,1,1,1,4,1,1,1,1,5,1,"xml:space=""preserve"">Creo que el tema del esg es una moda y atiende a intereses de capital y la responsabilidad debe provenir del mercado sin interacci&#243;n ","M&#233;xico",2,1.75,2.33333333333333
45792.6859375,98,"LAF","Aguascalientes","Hombre","Mexicana","21 a 22 a&#241;os",4,3,5,4,5,3,4,2,2,4,4,5,9,"Creo que a lo largo de la carrera aprend&#237; m&#225;s a fondo el tema de sostenibilidad, lo que ayudo a tener m&#225;s conciencia sobre el tanto, la parte del medio ambiente, social y de gobernanza.","M&#233;xico",4.2,2.75,4.33333333333333
45792.6865046296,99,"LAF","Aguascalientes","Hombre","Estadounidense","23 a 24 a&#241;os",4,4,5,4,3,3,5,3,3,2,5,5,8,"Creo que el motivo de mi perspectiva es el hecho de que el enfoque que se le da es individualista cuando el verdadero problema es a nivel global, especialmente cuando se trata de grandes corporaciones como las principales causantes en los problemas de sostenibilidad.","USA",4,3.5,4
45792.6867592593,100,"LAF","Aguascalientes","Hombre","Estadounidense","21 a 22 a&#241;os",4,3,5,2,4,3,3,4,2,4,2,4,9,"He conocido mas cosas que no sabia anteriormente como greenwashing, las praticas de los grandes corporativos, etc que me ha hecho mas conciente del impacto ambiental que tienen.","USA",3.6,3,3.33333333333333
45792.6871527778,101,"LAF","Aguascalientes","Hombre","Mexicana","21 a 22 a&#241;os",2,4,5,5,4,3,4,5,2,5,4,4,7,"xml:space=""preserve"">No considero que se proporcion&#243; la informaci&#243;n necesaria ","M&#233;xico",4,3.5,4.33333333333333
45792.687349537,102,"LAF","Aguascalientes","Mujer","Mexicana","21 a 22 a&#241;os",2,4,4,5,5,4,4,4,4,4,5,5,6,"Siento que mi forma de ser acerca de la sostenibilidad ha sido parcialmente bueno, no creo que lo que haya aprendido en la carrera haya Sido de mucha ayuda para fortalecer este compromiso.","M&#233;xico",4,4,4.66666666666667
45792.6877546296,103,"LAF","Aguascalientes","Mujer","Mexicana","21 a 22 a&#241;os",4,4,5,4,5,5,5,5,5,4,4,5,8,"Tuvimos muchas materias que integraban temas ESG, Adem&#225;s que el curso de bloomberg es muy bueno para tomar conciencia de esg","M&#233;xico",4.4,5,4.33333333333333
45792.6900347222,104,"LAF","Aguascalientes","Hombre","Mexicana","23 a 24 a&#241;os",5,2,4,4,5,3,4,3,4,4,4,3,6,"xml:space=""preserve"">Conocimiento de nuevos temas y situaciones globales ","M&#233;xico",4,3.5,3.66666666666667
45792.7645023148,105,"LAET","San Luis Potos&#237;","Hombre","Mexicana","21 a 22 a&#241;os",5,3,5,5,4,1,3,3,1,5,4,5,3,"xml:space=""preserve"">Necesito ver acciones en vez de contestar una encuesta o solo leer sobre ello, necesito ver pruebas tangibles y cambios exitosos ","M&#233;xico",4.4,2,4.66666666666667
45792.7649768519,106,"LAET","San Luis Potos&#237;","Hombre","Mexicana","23 a 24 a&#241;os",5,4,4,3,5,5,4,3,3,3,3,4,9,"EXCELENGTE","M&#233;xico",4.2,3.75,3.33333333333333
45792.765787037,107,"LAET","San Luis Potos&#237;","Hombre","Mexicana","23 a 24 a&#241;os",5,5,5,1,5,5,5,5,5,3,5,5,10,"xml:space=""preserve"">Estoy mas al tanto de lo que esta pasando a nivel global y local, especialmente con la industralizacion 
","M&#233;xico",4.2,5,4.33333333333333
45792.7668518518,108,"LAET","San Luis Potos&#237;","Mujer","Mexicana","21 a 22 a&#241;os",4,4,5,5,5,5,5,4,5,3,4,4,9,"xml:space=""preserve"">Las materias que he visto a lo largo de la carrera ampliaron mi conocimiento sobre la sostenible ","M&#233;xico",4.6,4.75,3.66666666666667
45792.7669444444,109,"LAET","San Luis Potos&#237;","Hombre","Mexicana","21 a 22 a&#241;os",5,5,5,3,5,5,5,3,5,5,1,5,10,"Siempre he sido una persona que busca ayudar el medio ambiente y en el tec aprendi m&#225;s","M&#233;xico",4.6,4.5,3.66666666666667
45792.7670138889,110,"LAET","San Luis Potos&#237;","Mujer","Mexicana","23 a 24 a&#241;os",4,4,5,5,5,4,5,4,5,4,4,5,9,"Se nos ha ense&#241;ado la importancia del cuidado medio ambiente, como es nuestra responsabilidad y los efectos al no hacerlo","M&#233;xico",4.6,4.5,4.33333333333333
45792.7670717593,111,"LAET","San Luis Potos&#237;","Mujer","Mexicana","21 a 22 a&#241;os",5,2,4,4,5,3,5,2,4,5,5,4,9,"Le doy un 9 porque mi carrera profesional me ha llevado a adoptar una visi&#243;n mucho m&#225;s consciente y activa sobre la sostenibilidad. Ahora integro criterios sostenibles en mis decisiones, valoro su impacto a largo plazo y los promuevo en mi entorno laboral. No puse un 10 porque a&#250;n tengo &#225;reas por mejorar.","M&#233;xico",4,3.5,4.66666666666667
45792.7671759259,112,"LAET","San Luis Potos&#237;","Mujer","Mexicana","21 a 22 a&#241;os",5,1,4,5,5,5,5,4,5,3,4,3,10,"Se me dio las herramientas necesarias para formar opiniones propias desde el conocimiento.","M&#233;xico",4,4.75,3.33333333333333
45792.7673148148,113,"LAET","San Luis Potos&#237;","Mujer","Mexicana","21 a 22 a&#241;os",4,3,4,3,2,3,4,3,3,4,3,2,9,"xml:space=""preserve"">Aprend&#237; m&#225;s a implementar los ODS en propuestas para las empresas y especialmente para la empresa familiar. ","M&#233;xico",3.2,3.25,3
45792.7698726852,114,"LAET","San Luis Potos&#237;","Mujer","Mexicana","21 a 22 a&#241;os",5,3,4,4,5,4,5,5,4,3,5,1,9,"xml:space=""preserve"">siempre cargo con mi termo ","M&#233;xico",4.2,4.5,3
45792.7698842593,115,"LAET","San Luis Potos&#237;","Mujer","Mexicana","23 a 24 a&#241;os",4,5,5,3,4,5,5,5,5,5,4,4,8,"xml:space=""preserve"">Porque gracias a los dispensadores ya procuraba siempre llevar mi termo en lugar de estar comprando botellas de agua. ","M&#233;xico",4.2,5,4.33333333333333
45792.7701157407,116,"LAET","San Luis Potos&#237;","Hombre","Mexicana","23 a 24 a&#241;os",4,4,5,3,5,3,3,4,2,4,4,5,9,"xml:space=""preserve"">Tuve varias clases que nos ayudaron a generar conciencia, por ejemplo la optativa de Sostenibilidad y ciudades inteligentes ","M&#233;xico",4.2,3,4.33333333333333
45792.7856828704,117,"LAF","Aguascalientes","Hombre","Mexicana","21 a 22 a&#241;os",2,3,4,3,4,1,2,1,1,2,4,4,1,"Simplemente ninguno de los times son atractivos para captar la atenci&#243;n. Lejos de tomarse en serio la clase los estudiantes, estos la toman como la clase de &#8220;relleno&#8221;","M&#233;xico",3.2,1.25,3.33333333333333
45796.7301967593,118,"LAET","Sonora Norte","Mujer","Mexicana","23 a 24 a&#241;os",5,4,5,3,5,5,5,3,5,3,3,2,9,"Nos informaron al respecto","M&#233;xico",4.4,4.5,2.66666666666667
45796.7310648148,119,"LAET","Sonora Norte","Mujer","Mexicana","21 a 22 a&#241;os",3,3,5,4,5,5,4,4,5,5,4,5,7,"El acceso al internet y lo que he aprendido a la escuela han complementado mis aprendizajes sobre el medio ambiente, encontrar soluciones sostenibles hasta en lo cotidiano. La escuela si me permiti&#243; explorar este tema en un &#225;mbito profesional y empresarial.","M&#233;xico",4,4.5,4.66666666666667
45796.7317824074,120,"LAET","Sonora Norte","Mujer","Mexicana","23 a 24 a&#241;os",5,3,5,5,5,5,3,5,2,5,5,4,10,"xml:space=""preserve"">Me parece muy bien esta encuesta ","M&#233;xico",4.6,3.75,4.66666666666667
45796.7324189815,121,"LAET","Sonora Norte","Mujer","Mexicana","21 a 22 a&#241;os",5,3,4,4,5,4,4,4,5,4,4,5,7,"xml:space=""preserve"">Aprend&#237; c&#243;mo se pueden llegar a explotar recursos justificando el medio por el fin ","M&#233;xico",4.2,4.25,4.33333333333333
45796.7324305556,122,"LAET","Sonora Norte","Hombre","Mexicana","23 a 24 a&#241;os",1,3,5,4,5,3,2,3,3,2,4,5,8,"El nivel de concientizaci&#243;n que recibimos en los distintos temas a lo largo de la carrera, fue id&#243;neo para generar una mejor visi&#243;n de los da&#241;os y problem&#225;ticas actuales.","M&#233;xico",3.6,2.75,3.66666666666667
45796.732962963,123,"LAET","Sonora Norte","Mujer","Mexicana","21 a 22 a&#241;os",5,4,5,1,5,3,5,5,4,5,4,5,9,"xml:space=""preserve"">En mi carrera vemos mucho el liderazgo consiente y la sustentabilidad en hacer negocios para ser l&#237;deres conscientes ambientalmente a futuro. ","M&#233;xico",4,4.25,4.66666666666667
45796.733287037,124,"LAET","Sonora Norte","Hombre","Mexicana","23 a 24 a&#241;os",5,2,5,3,5,4,5,5,4,4,4,4,8,"Mi carrera hizo mucho hincapi&#233; durante estos 4 a&#241;os, que adem&#225;s de generar ingresos, es importante tener responsabilidad social y ambiental para generar consciencia sobre la importancia de crear comunidades sostenibles.","M&#233;xico",4,4.5,4
45796.7336689815,125,"LAET","Sonora Norte","Hombre","Mexicana","21 a 22 a&#241;os",5,2,5,2,5,2,3,1,2,1,5,5,5,"Pues me hizo estar m&#225;s consciente pero no es algo que tenga 100% presente o que sea lo que m&#225;s me importe","M&#233;xico",3.8,2,3.66666666666667
45796.7339236111,126,"LAET","Sonora Norte","Mujer","Mexicana","21 a 22 a&#241;os",4,4,5,5,4,5,4,5,5,5,5,5,9,"xml:space=""preserve"">A lo largo de mi carrera me toc&#243; presenciar el arranque que diferentes iniciativas a nivel nacional. Fue interesante implementarlas en el &#225;rea de liderazgo y grupos estudiantiles. ","M&#233;xico",4.4,4.75,5
45796.7345833333,127,"LAET","Sonora Norte","Hombre","Mexicana","21 a 22 a&#241;os",5,2,4,4,4,2,1,1,1,3,4,4,6,"He tenido mas conciencia pero no he aplicado muchas acciones a mi dia dia","M&#233;xico",3.8,1.25,3.66666666666667
45796.7347800926,128,"LAET","Sonora Norte","Hombre","Mexicana","21 a 22 a&#241;os",5,4,5,5,5,5,4,3,1,5,1,4,9,"he aprendido a ser feliz sin necesidad de hacerle da&#241;o a los dem&#225;s","M&#233;xico",4.8,3.25,3.33333333333333
45796.7352546296,129,"LAET","Sonora Norte","Hombre","Mexicana","23 a 24 a&#241;os",5,4,4,3,5,2,5,2,2,5,4,2,5,"Pienso que son temas diferentes en cuanto a lo que quiero, podr&#237;a encajar pero tendr&#237;a que indagar a profundidad m&#225;s sobre el tema.","M&#233;xico",4.2,2.75,3.66666666666667
45796.7356018518,130,"LAET","Sonora Norte","Mujer","Mexicana","21 a 22 a&#241;os",5,3,4,2,5,4,5,5,3,4,4,3,10,"xml:space=""preserve"">Aprendi sobre los negocios consientes ","M&#233;xico",3.8,4.25,3.66666666666667
45796.7369328704,131,"LAET","Sonora Norte","Mujer","Estadounidense","21 a 22 a&#241;os",5,4,5,5,5,5,4,4,5,5,4,3,10,"Ver la parte social y ambiental de las empresas y su gran papel en ellas.","USA",4.8,4.5,4
45796.7375462963,132,"LAET","Sonora Norte","Mujer","Mexicana","21 a 22 a&#241;os",5,4,5,4,5,5,5,3,4,4,5,5,8,"Siento que mi mentalidad si cambio gracias a lo que aprendi en mi carrera y como involucrar la sostenibilidad.","M&#233;xico",4.6,4.25,4.66666666666667
45796.738275463,133,"LAET","Sonora Norte","Hombre","Mexicana","21 a 22 a&#241;os",5,1,5,5,5,1,3,1,1,1,4,5,6,"Creo que las bases de mis creencias y convicciones en cuanto al tema no cambiaron en lo absoluto, sin embargo debido al aumento de conocimiento y consciencia, creo que mi visi&#243;n ahora es mucho m&#225;s completa en t&#233;rminos de la sostenibilidad.","M&#233;xico",4.2,1.5,3.33333333333333
45796.7405787037,134,"LAET","Sonora Norte","Mujer","Mexicana","21 a 22 a&#241;os",5,5,5,4,5,4,3,4,4,5,4,4,8,"Por la metodologia de que las empresas deben de ser concieentees con la sociedad y eel medio ambiente.","M&#233;xico",4.8,3.75,4.33333333333333
45797.7036458333,135,"LAET","Toluca","Mujer","Mexicana","23 a 24 a&#241;os",3,3,3,3,3,2,4,4,2,4,3,3,6,"xml:space=""preserve"">No me gustan mucho los temas ambientales, no disfruto trabajar con ellos ","M&#233;xico",3,3,3.33333333333333
45797.7038888889,136,"LAET","Toluca","Mujer","Mexicana","21 a 22 a&#241;os",5,3,5,2,4,4,5,1,5,5,4,4,7,"xml:space=""preserve"">Tuve clases que complementaban ese pensamiento ","M&#233;xico",3.8,3.75,4.33333333333333
45797.7039467593,137,"LAET","Toluca","Mujer","Mexicana","21 a 22 a&#241;os",5,3,3,3,4,4,4,4,3,4,4,4,8,"xml:space=""preserve"">Me volv&#237; consiente de como el mundo empresaria de verdad se preocupa por sus empleados y el medio ambiente ","M&#233;xico",3.6,3.75,4
45797.7041782407,138,"LAET","Toluca","Hombre","Mexicana","21 a 22 a&#241;os",3,2,5,4,4,4,3,5,5,4,5,4,9,"xml:space=""preserve"">Considero que me impact&#243; mucho mi perspectiva en la visi&#243;n humanista con la que hay que ver a los miembros que participan en nuestra organizaci&#243;n ","M&#233;xico",3.6,4.25,4.33333333333333
45797.704375,139,"LAET","Toluca","Mujer","Mexicana","21 a 22 a&#241;os",4,3,4,4,5,4,5,3,3,3,3,3,8,"En clase de negocios conscientes vimos otra perspectiva que me hizo ser m&#225;s alerta a todo","M&#233;xico",4,3.75,3
45797.7045717593,140,"LAET","Toluca","Mujer","Mexicana","21 a 22 a&#241;os",4,1,4,4,4,4,5,4,4,4,3,1,9,"xml:space=""preserve"">Negocios conscientes ","M&#233;xico",3.4,4.25,2.66666666666667
45797.7050578704,141,"LAET","Toluca","Hombre","Mexicana","23 a 24 a&#241;os",4,3,5,5,3,5,5,3,4,4,4,4,10,"xml:space=""preserve"">Tenia una percepci&#243;n completamente diferente sobre el impacto o las alternativas que existen, ahora adem&#225;s de tener m&#225;s conocimientos sobre temas como econom&#237;a circular, sostenibilidad, capitalismo consciente entre otros temas, poseo una visi&#243;n m&#225;s clara de las problem&#225;ticas existentes. ","M&#233;xico",4,4.25,4
45797.7051041667,142,"LAET","Toluca","Mujer","Mexicana","21 a 22 a&#241;os",4,2,5,4,4,4,4,4,4,2,2,1,10,"xml:space=""preserve"">Creo que muchas veces estamos tan enfocados en nuestro d&#237;a a d&#237;a que no vemos el panorama completo del impacto que cada cosa que hacemos genera. Teniendo este enfoque sostenible en la carrera nos ayuda a ir formando futuros mejores ","M&#233;xico",3.8,4,1.66666666666667
45797.7051851852,143,"LAET","Toluca","Hombre","Mexicana","21 a 22 a&#241;os",5,4,5,3,4,4,4,2,4,4,4,5,9,"xml:space=""preserve"">Respecto a considerar siempre la parte sustentable, en especial desde que vamos a hacer un proyecto desde cero, ahora siempre considero todos los factores que abarcan esta parte, antes no lo hac&#237;a. ","M&#233;xico",4.2,3.5,4.33333333333333
45797.7052546296,144,"LAET","Toluca","Mujer","Mexicana","21 a 22 a&#241;os",5,5,5,3,3,4,5,3,5,3,3,5,10,"xml:space=""preserve"">Nos mostraron la importancia de integrar la sostenibilidad en los negocios para que estos puedan tener un mayor crecimiento a largo plazo, adem&#225;s nos ense&#241;aron a pensar primero en el ambiente y la sociedad  ","M&#233;xico",4.2,4.25,3.66666666666667
45797.7053819444,145,"LAET","Toluca","Hombre","Mexicana","25 a&#241;os o m&#225;s",5,5,5,5,5,5,5,5,4,5,3,4,10,"Totalmente ha cambiado mi perspectiva tanto en la parte ambiental como social debido a que logr&#243; entender como los procesos de un negocio u organizaci&#243;n pueden afectar y de igual forma como si es posible hacer un cambio a causa de tomando conciencia con la estructura correcta.","M&#233;xico",5,4.75,4
45797.7054976852,146,"LAET","Toluca","Mujer","Mexicana","23 a 24 a&#241;os",5,1,1,3,3,5,5,2,5,1,3,5,4,"Yo ya hacia cosas para poder cambiar mis habitos, pero hay muchas cosas a las que ya me acostumbre que no puedo dejar y tambien soy muy coda, no quiero comprar 4 platos biodegradables por el precio de 15 baratos, me pega mucho en mi econocmia","M&#233;xico",2.6,4.25,3
45797.7058449074,147,"LAET","Toluca","Mujer","Mexicana","21 a 22 a&#241;os",2,3,5,1,4,3,5,3,5,4,4,4,10,"Me sirvio demasiado","M&#233;xico",3,4,4
45797.7060185185,148,"LAET","Toluca","Mujer","Mexicana","21 a 22 a&#241;os",5,4,5,1,3,5,5,3,2,3,4,4,4,"xml:space=""preserve"">mi cambio de mentalidad m&#225;s que nada recae en lectura e investigaci&#243;n y documentales ambientales ","M&#233;xico",3.6,3.75,3.66666666666667
45797.7063194444,149,"LAET","Toluca","Hombre","Mexicana","21 a 22 a&#241;os",4,2,5,5,5,5,5,2,3,4,4,4,7,"Creo que cambi&#243; un 7 debido a que ten&#237;a conocimientos previos del tema, sin embargo, no hab&#237;a profundizado en ellos.","M&#233;xico",4.2,3.75,4
45797.7066435185,150,"LAET","Toluca","Mujer","Mexicana","21 a 22 a&#241;os",5,4,5,2,4,5,5,5,3,4,3,3,8,"xml:space=""preserve""> Hablando sobre la sostenibilidad dentro de las empresas en mis clases me hizo tener un panorama diferente y m&#225;s amplio sobre el impacto que este puede tener en la vida de todos ","M&#233;xico",4,4.5,3.33333333333333
45797.7069444444,151,"LAET","Toluca","Hombre","Mexicana","21 a 22 a&#241;os",5,4,5,1,4,4,4,4,4,2,2,2,8,"La sostenibilidad ha impactado a mi manera de pensar","M&#233;xico",3.8,4,2
45797.7072222222,152,"LAET","Toluca","Mujer","Mexicana","21 a 22 a&#241;os",5,4,5,5,5,4,5,3,4,3,3,4,9,"Desde un inicio, nos inculcaron la importancia de poner en primer lugar la consciencia hacia las personas y el planeta, record&#225;ndonos que no tenemos otro mundo y que por lo tanto, debemos cuidarlo. Ese enfoque despert&#243; en m&#237; un profundo inter&#233;s, lo que me llev&#243; a elegir la concentraci&#243;n en Negocios Conscientes","M&#233;xico",4.8,4,3.33333333333333
45797.708275463,153,"LAET","Toluca","Hombre","Mexicana","21 a 22 a&#241;os",5,3,4,4,5,4,5,5,4,5,3,4,9,"Soy m&#225;s consciente del impacto que tiene lo que consumimos en el ambiente y en las personas","M&#233;xico",4.2,4.5,4
45797.7083796296,154,"LAET","Toluca","Hombre","Mexicana","21 a 22 a&#241;os",4,3,4,4,4,3,2,4,4,2,3,3,9,"MUCHAS COSAS APRENDES Y DAS UN NUEVO ORIZONTE A TU MENTE","M&#233;xico",3.8,3.25,2.66666666666667
45797.7099652778,155,"LAET","Toluca","Hombre","Mexicana","21 a 22 a&#241;os",4,4,3,2,4,3,5,4,3,4,4,3,7,"xml:space=""preserve"">He sido m&#225;s consciente a lo largo de mi carrera ","M&#233;xico",3.4,3.75,3.66666666666667
45797.7325462963,156,"LAF","San Luis Potos&#237;","Hombre","Mexicana","21 a 22 a&#241;os",3,3,5,4,4,4,3,5,3,4,3,3,8,"ME AYUDO MUCHO","M&#233;xico",3.8,3.75,3.33333333333333
45797.7335763889,157,"LAF","San Luis Potos&#237;","Mujer","Mexicana","21 a 22 a&#241;os",5,2,5,4,4,4,4,3,4,3,4,5,8,"UN POCO","M&#233;xico",4,3.75,4
45797.7344907407,158,"LAF","San Luis Potos&#237;","Mujer","Mexicana","21 a 22 a&#241;os",4,5,5,5,5,5,5,3,4,5,4,4,9,"Estuve expuesta a diferentes situaciones dentro de mi carrera profesional que me hicieron reflexionar en el impacto ambiental as&#237; como el comportamiento no solo de personas sino tambi&#233;n de empresas, sobretodo en la semana de sentido humano que me toc&#243; colaborar con una empresa de cuidado de los arboles y ambiente","M&#233;xico",4.8,4.25,4.33333333333333
45797.7347685185,159,"LAET","San Luis Potos&#237;","Hombre","Mexicana","23 a 24 a&#241;os",1,5,5,2,4,4,4,3,4,2,3,4,10,"Aprendi bastante, ya que siempre tuvimos muchas clases en las que se trataban de una u otra manera los impactos sociales y social.","M&#233;xico",3.4,3.75,3
45797.7349768518,160,"LAF","San Luis Potos&#237;","Mujer","Mexicana","23 a 24 a&#241;os",2,4,5,3,4,4,5,3,2,4,1,1,8,"xml:space=""preserve"">En Tamasopo es una pr&#225;ctica super com&#250;n quemar la basura dado que solo pasa una vez a la semana el servicio de recolecci&#243;n de basura, por lo que generalmente se queman papeles, hojarasca, pl&#225;sticos, maderas, etc. sin embargo, tomando mis clases me di cuenta de la manera en que impacta negativamente esta pr&#225;ctica y he tratado de hacer extensivo este conocimiento con vecinos y familiares. ","M&#233;xico",3.6,3.5,2
45797.7350578704,161,"LAF","San Luis Potos&#237;","Hombre","Mexicana","21 a 22 a&#241;os",2,4,5,3,5,4,3,2,4,4,4,4,8,"xml:space=""preserve"">En mi semestre de intercambio internacional en Francia aprend&#237; sobre sustentabilidad ","M&#233;xico",3.8,3.25,4
45797.7363425926,162,"LAF","San Luis Potos&#237;","Hombre","Mexicana","21 a 22 a&#241;os",4,2,5,4,4,4,3,5,4,3,3,4,8,"Aprend&#237; sobre diferentes temas y esfuerzos que se hacen en todo M&#233;xico y en el mundo, como las empresas est&#225;n tomando un enfoque m&#225;s ESG y que es vital combatir el cambio clim&#225;tico para tener una mejor calidad de vida.","M&#233;xico",3.8,4,3.33333333333333
45797.7363425926,163,"LAF","San Luis Potos&#237;","Hombre","Mexicana","23 a 24 a&#241;os",4,5,5,3,4,4,5,2,1,1,1,1,6,"xml:space=""preserve"">Si ha cambiado debido a clases impartidas que hacen conciencia peor ha cambiado m&#225;s por gente de la que me rodeo que por la universidad y el modelo como tal ","M&#233;xico",4.2,3,1
45797.7365509259,164,"LAF","San Luis Potos&#237;","Hombre","Mexicana","23 a 24 a&#241;os",5,1,3,2,4,3,3,2,3,2,1,3,8,"xml:space=""preserve"">soy m&#225;s consciente del impacto ","M&#233;xico",3,2.75,2
45797.7366782407,165,"LAF","San Luis Potos&#237;","Hombre","Mexicana","21 a 22 a&#241;os",5,4,5,5,4,5,2,4,4,5,5,3,8,"xml:space=""preserve"">Me puso a pensar sobre los actos que ocasionan un mejor ambiente si se hcieran y se concientizara
","M&#233;xico",4.6,3.75,4.33333333333333
45797.7372569444,166,"LAF","San Luis Potos&#237;","Mujer","Mexicana","21 a 22 a&#241;os",4,3,5,5,5,3,5,4,4,5,5,4,6,"xml:space=""preserve"">M&#225;s bien fue el entorno no solo lo visto en clases si no m&#225;s bien la realidad y lo que enfrentan las siguientes generaciones ","M&#233;xico",4.4,4,4.66666666666667
45797.7377083333,167,"LAF","San Luis Potos&#237;","Mujer","Mexicana","21 a 22 a&#241;os",5,4,5,2,4,5,5,4,5,4,4,4,10,"El conocimiento te cambia","M&#233;xico",4,4.75,4
45797.7378240741,168,"LAF","San Luis Potos&#237;","Mujer","Mexicana","21 a 22 a&#241;os",5,2,5,4,5,4,5,4,4,4,5,4,8,"Considero que si puso cambiar en ciertos aspectos, pero no completamente porque no era uno de los objetivos en los bloques","M&#233;xico",4.2,4.25,4.33333333333333
45797.7389699074,169,"LAF","San Luis Potos&#237;","Mujer","Mexicana","21 a 22 a&#241;os",5,3,5,2,5,4,5,2,5,4,3,2,10,"xml:space=""preserve"">Siempre se toma en cuenta la parte social y ambiental en cada uno de los proyectos que realizamos en el Tec ","M&#233;xico",4,4,3
45797.7424652778,170,"LAF","San Luis Potos&#237;","Hombre","Mexicana","21 a 22 a&#241;os",3,3,5,2,4,3,5,4,3,4,5,4,8,"Hemos tenido un acercamiento importante con las finanzas sostenibles y por ello mi mentalidad se ha adaptado","M&#233;xico",3.4,3.75,4.33333333333333
45797.7438773148,171,"LAF","San Luis Potos&#237;","Hombre","Mexicana","21 a 22 a&#241;os",5,4,5,5,4,4,4,2,4,4,4,4,10,"xml:space=""preserve"">Me siento una persona m&#225;s madura y consciente de mis acciones ","M&#233;xico",4.6,3.5,4
45797.7545486111,172,"LAF","San Luis Potos&#237;","Mujer","Estadounidense","21 a 22 a&#241;os",4,3,5,5,5,5,5,5,5,5,4,5,10,"xml:space=""preserve"">Al compartir opiniones diversas con mis compa&#241;eros de clases, ha contribuido mis conocimientos y a ampliado mis perspectivas. ","USA",4.4,5,4.66666666666667
45797.7650810185,173,"LAET","Aguascalientes","Mujer","Mexicana","21 a 22 a&#241;os",5,2,5,3,4,4,4,4,3,3,4,4,7,"xml:space=""preserve"">Considero que durante la carrera se vio de manera muy superficial y que el incorporar pr&#225;cticas sostenibles genera valor y es importante pero solo se menciona, no se hace algo al respecto en la pr&#225;ctica ","M&#233;xico",3.8,3.75,3.66666666666667
45797.7656365741,174,"LAET","Aguascalientes","Mujer","Mexicana","21 a 22 a&#241;os",1,5,5,4,4,4,4,5,5,5,4,4,9,"Nos ense&#241;aron mucho sobre el triple bottom line, y la importancia de siempre considerar al planeta como stakeholder de cualquier empresa","M&#233;xico",3.8,4.5,4.33333333333333
45797.7656944445,175,"LAET","Aguascalientes","Hombre","Mexicana","21 a 22 a&#241;os",4,3,5,5,4,3,5,3,5,5,4,5,8,"xml:space=""preserve"">Considero que ya era bastante consciente de mi huella ecol&#243;gica, pero el tec me impulso a tratar de reducirla e incluso buscar que mis circulos sociales tambien esten atentos sobre sus consumos y cuidado ambiental.  ","M&#233;xico",4.2,4,4.66666666666667
45797.7658217593,176,"LAET","Aguascalientes","Hombre","Mexicana","23 a 24 a&#241;os",5,1,4,1,5,3,3,2,1,3,4,5,8,"Aprendi que los negocios deben de ser conscientes de su impacto ambiental para poder crecer y desarrollarse.","M&#233;xico",3.2,2.25,4
45797.7661921296,177,"LAET","Aguascalientes","Mujer","Mexicana","21 a 22 a&#241;os",3,4,5,3,5,4,5,3,5,3,3,2,8,"El Tec promueve la sostenibilidad desde todos los aspectos, en las clases, en el campus, etc","M&#233;xico",4,4.25,2.66666666666667
45797.7662847222,178,"LAET","Aguascalientes","Mujer","Mexicana","23 a 24 a&#241;os",5,3,4,4,5,4,5,5,5,1,5,5,10,"xml:space=""preserve"">Durante toda la carrera en la mayoria de  las materias se toca el tema de la sostenibilidad en todos los ambitos ","M&#233;xico",4.2,4.75,3.66666666666667
45797.7669097222,179,"LAET","Aguascalientes","Mujer","Mexicana","21 a 22 a&#241;os",5,3,4,4,4,5,4,4,5,5,5,4,8,"En muchas de las materias que tuvimos nos ped&#237;an que integr&#225;ramos la sostenibilidad como un factor importante de nuestras propuestas, esto hizo que yo me acostumbrara a buscar la sostenibilidad en cada &#225;mbito de mi vida y a ser m&#225;s consciente de que es un factor muy relevante que todos deber&#237;amos de tomar en cuenta y aplicar en nuestras vidas diarias si realmente queremos hacer un cambio por el planeta y los negocios responsables.","M&#233;xico",4,4.5,4.66666666666667
45797.7671064815,180,"LAET","Aguascalientes","Mujer","Mexicana","21 a 22 a&#241;os",5,3,4,5,5,5,5,3,3,4,4,3,10,"xml:space=""preserve"">porque me ense&#241;aron que es importante tener responsabilidad sostenible ","M&#233;xico",4.4,4,3.66666666666667
45797.7676967593,181,"LAET","Aguascalientes","Mujer","Mexicana","21 a 22 a&#241;os",4,4,5,5,3,5,5,3,5,3,2,1,7,"Creo que la mayor parte de las cosas que hago respecto a sostenibilidad, las aprend&#237; desde m&#225;s chica. En la universidad ya es dificil cambiar la mentalidad. Sin embargo, asigno un 7 porque tambi&#233;n en esta etapa conoc&#237; personas que me ense&#241;aron a cuidar m&#225;s el ambiente y preocuparme por cosas que antes no me afectaban tanto. Tambi&#233;n creo que aument&#243; mi consciencia en ciertos temas","M&#233;xico",4.2,4.5,2
45797.7681365741,182,"LAET","Aguascalientes","Hombre","Mexicana","21 a 22 a&#241;os",5,3,5,2,4,4,4,2,4,4,4,4,7,"No vimos tantas manterias que tuvieran un enfoque tan profundo sobre estos temas.","M&#233;xico",3.8,3.5,4
45797.7682291667,183,"LAET","Aguascalientes","Hombre","Mexicana","21 a 22 a&#241;os",5,4,5,4,5,5,3,3,5,2,4,5,7,"Siempre me ha importado y he leido sobre el tema, asi que reforz&#243; cosas que sab&#237;a, aprend&#237; otras nuevas.","M&#233;xico",4.6,4,3.66666666666667
45797.7683449074,184,"LAET","Aguascalientes","Hombre","Mexicana","21 a 22 a&#241;os",5,5,5,3,5,4,4,5,4,5,5,4,9,"El Tec de Monterrey se preocupa por ense&#241;arnos en todas las carreras sobre el impacto de nuestras acciones en estos &#225;mbitos","M&#233;xico",4.6,4.25,4.66666666666667
45797.7691550926,185,"LAET","Aguascalientes","Mujer","Mexicana","21 a 22 a&#241;os",4,3,4,3,5,4,5,5,3,5,4,4,10,"Cambi&#243; mi panorama conocidendo diferentes perspectivas","M&#233;xico",3.8,4.25,4.33333333333333
45797.7744097222,186,"LAET","Aguascalientes","Mujer","Mexicana","21 a 22 a&#241;os",5,3,4,2,5,4,3,3,5,4,4,5,9,"xml:space=""preserve"">Ver como el ambiente tambi&#233;n es un stakeholder y parte de las 3 ps me hizo darme cuenta que las grandes corporaciones no deben de hacer caso omiso a la situaci&#243;n ambiental, si no tratar de ayudar a trav&#233;s de sus actividades diarias. ","M&#233;xico",3.8,3.75,4.33333333333333
45797.9321643518,187,"LAET","Toluca","Mujer","Mexicana","21 a 22 a&#241;os",1,5,5,2,5,3,4,2,2,2,2,3,8,"No ten&#237;a tan presente el impacto ambiental que generan los procesos de producci&#243;n y transporte. Y tambi&#233;n aprend&#237; del impacto positivo que podemos tener al colaborar en masa.","M&#233;xico",3.6,2.75,2.33333333333333
45799.7241087963,188,"LAF","San Luis Potos&#237;","Hombre","Mexicana","21 a 22 a&#241;os",4,3,5,4,4,5,4,4,2,5,4,4,8,"Mayor conocimiento del contexto global adem&#225;s de mayor comprehenci&#243;n de como funciona el mundo","M&#233;xico",4,3.75,4.33333333333333
45799.7248611111,189,"LAF","San Luis Potos&#237;","Mujer","Mexicana","21 a 22 a&#241;os",4,3,4,5,5,4,5,4,4,5,4,4,6,"xml:space=""preserve"">Considero que siempre he sido una persona muy consciente y considerada en cuanto esta problem&#225;tica, a pesar de que mi carrera si me ayud&#243; a darme cuenta de que muchas veces las grandes empresas har&#237;an lo que sea por crecer (incluyendo actos no &#233;ticos), sin embargo tengo muy arraigado desde mi hogar este tipo de educaci&#243;n y conocimientos. ","M&#233;xico",4.2,4.25,4.33333333333333
45799.7251273148,190,"LAF","San Luis Potos&#237;","Hombre","Mexicana","23 a 24 a&#241;os",1,4,5,4,4,5,4,3,4,4,5,5,10,"analizar, investigar y estudiar mercados internacionales me ayudo a expandir mi forma de pensar sobre mercados internacionales y la importancia de ser una comunidad m&#225;s sostenible","M&#233;xico",3.6,4,4.66666666666667
45799.7256712963,191,"LAF","San Luis Potos&#237;","Mujer","Mexicana","21 a 22 a&#241;os",2,4,5,4,4,5,4,3,3,4,4,4,8,"xml:space=""preserve"">Me cuestiono nuevas perspectivas de ver las consecuencias ","M&#233;xico",3.8,3.75,4
45799.7263657407,192,"LAF","San Luis Potos&#237;","Hombre","Mexicana","21 a 22 a&#241;os",4,2,4,4,4,4,4,4,4,3,4,4,7,"Considero que me han inculcado el cuidado del ambiente y de consumir productos locales desde peque&#241;o, considerando siempre el impacto en mi comunidad y mi persona, por lo que en el campus, algunas de estas ideas solamente se fortalecieron.","M&#233;xico",3.6,4,3.66666666666667
45799.7368981481,193,"LAF","San Luis Potos&#237;","Mujer","Mexicana","21 a 22 a&#241;os",4,3,4,2,4,3,5,4,3,5,3,1,8,"A lo largo de mi carrera profesional he adquirido una mayor conciencia sobre el impacto que tienen las decisiones econ&#243;micas, operativas y sociales en el medio ambiente y en la comunidad. Antes ve&#237;a la sostenibilidad como un concepto complementario, pero ahora la entiendo como un eje fundamental para el desarrollo responsable. Este cambio se refleja en mis acciones cotidianas, en la forma en que propongo soluciones dentro de mi entorno laboral, y en c&#243;mo eval&#250;o proyectos considerando no solo su rentabilidad, sino tambi&#233;n su impacto ambiental y social","M&#233;xico",3.4,3.75,3
45799.7473263889,194,"LAF","San Luis Potos&#237;","Mujer","Mexicana","21 a 22 a&#241;os",5,3,4,5,4,3,4,4,4,2,4,3,8,"Aprend&#237; de la sostenibilidad, pero me hubiera gustado verla m&#225;s a fondo, no se por ejemplo ya muchos de aqu&#237; en vez de caminar a distancias cortas usa el carro, maneras de ser m&#225;s eficaz y ambiental al mismo tiempo.","M&#233;xico",4.2,3.75,3
45799.753275463,195,"LAF","San Luis Potos&#237;","Hombre","Mexicana","21 a 22 a&#241;os",3,2,3,4,2,4,4,3,4,4,2,4,6,"Un poco","M&#233;xico",2.8,3.75,3.33333333333333
45799.7547337963,196,"LAF","San Luis Potos&#237;","Hombre","Mexicana","23 a 24 a&#241;os",4,4,4,5,5,5,4,4,4,5,3,4,8,"xml:space=""preserve"">Me hizo poner atenci&#243;n en problemas que no ten&#237;a en mente ","M&#233;xico",4.4,4.25,4
45799.8401388889,197,"LAET","Laguna","Mujer","Mexicana","21 a 22 a&#241;os",4,4,4,5,5,4,3,4,5,3,3,3,2,"Creo que si meten temas relacionados con sustentabilidad y la importancia de cuidar el ambiente, pero no siento que sean cursos o actividades que realmente tengan impacto con los estudiantes, o que sea algo que se s&#237; les cambie su forma de pensar o sus perspectivas sobre estos temas.","M&#233;xico",4.4,4,3
45799.8410300926,198,"LAET","Laguna","Mujer","Mexicana","23 a 24 a&#241;os",5,2,5,4,5,4,5,3,5,5,4,5,8,".","M&#233;xico",4.2,4.25,4.66666666666667
45799.8424421296,199,"LAET","Laguna","Mujer","Holandesa","21 a 22 a&#241;os",5,3,4,4,5,3,5,3,3,4,4,4,7,"xml:space=""preserve"">El pensar que tengo que mejorar ","Holanda",4.2,3.5,4
45799.8427893519,200,"LAET","Laguna","Mujer","Mexicana","21 a 22 a&#241;os",3,3,3,5,4,4,4,3,5,3,4,3,8,"Por las materias que lleve sobre la responsabilidad social","M&#233;xico",3.6,4,3.33333333333333
45799.8443287037,201,"LAET","Laguna","Mujer","Mexicana","21 a 22 a&#241;os",5,4,4,4,4,4,4,4,4,4,4,4,9,"Para mejorar","M&#233;xico",4.2,4,4
45799.8444560185,202,"LAET","Laguna","Mujer","Mexicana","21 a 22 a&#241;os",2,4,5,3,3,5,4,4,4,3,3,2,9,"Debido a que hice varias investigaciones y tuve muchos conocimientos","M&#233;xico",3.4,4.25,2.66666666666667
45799.8445717593,203,"LAET","Laguna","Hombre","Mexicana","21 a 22 a&#241;os",5,4,5,4,4,3,5,2,4,4,3,3,9,NA,"M&#233;xico",4.4,3.5,3.33333333333333
45799.8449305556,204,"LAET","Laguna","Hombre","Mexicana","21 a 22 a&#241;os",5,4,5,4,5,4,5,4,4,2,3,5,7,"Creo que conocer como las tecnologias que utilizamos impactan al ambiente ayudo a poner en perspectiva el impacto que mis acciones cotidianas tienen en el medio ambiente.","M&#233;xico",4.6,4.25,3.33333333333333
45799.8456712963,205,"LAET","Laguna","Mujer","Mexicana","21 a 22 a&#241;os",4,4,4,4,4,4,4,3,4,4,4,4,8,"Muy bien","M&#233;xico",4,3.75,4
45799.8456944444,206,"LAET","Laguna","Mujer","Mexicana","21 a 22 a&#241;os",2,2,3,3,5,4,3,3,3,4,3,4,8,"xml:space=""preserve"">En todos los proyectos vimos el tema de medio ambiente para siempre tomarlo en cuenta ","M&#233;xico",3,3.25,3.66666666666667
45799.8458449074,207,"LAET","Laguna","Mujer","Mexicana","21 a 22 a&#241;os",5,4,5,4,4,4,5,3,5,5,5,4,3,"Todo lo aprend&#237; antes de la universidad","M&#233;xico",4.4,4.25,4.66666666666667
45799.9044444444,208,"LAET","Laguna","Mujer","Mexicana","21 a 22 a&#241;os",5,5,5,4,3,4,5,5,5,5,4,4,10,"xml:space=""preserve"">Recibi varias optativas que me hicieron desaprender muchas cosas que segun yo sabia para entenderlo mejor y he mejorado mi consumo en mi dia dia ","M&#233;xico",4.4,4.75,4.33333333333333
45800.6369328704,209,"LAF","Guadalajara","Hombre","Mexicana","21 a 22 a&#241;os",4,4,4,3,4,4,4,5,4,4,4,4,9,"xml:space=""preserve"">Debido a que soy m&#225;s consciente sobre problem&#225;ticas y entornos en empresas o sectores que antes eran complejos para entrar. ","M&#233;xico",3.8,4.25,4
45800.6377430556,210,"LAF","Guadalajara","Hombre","Mexicana","21 a 22 a&#241;os",5,5,5,5,5,5,5,5,5,5,5,5,10,"xml:space=""preserve"">Aprendi a invertir en empresas ecol&#243;gicas ","M&#233;xico",5,5,5
45800.6378009259,211,"LAF","Guadalajara","Hombre","Mexicana","21 a 22 a&#241;os",4,3,4,5,5,4,3,5,5,2,4,4,8,"He llevado varios servicios sociales que me han abierto los ojos a la gran necesidad de awareness.","M&#233;xico",4.2,4.25,3.33333333333333
45800.6381828704,212,"LAF","Guadalajara","Mujer","Mexicana","21 a 22 a&#241;os",5,5,5,5,5,5,5,5,5,3,3,4,6,"Estudio Finanzas","M&#233;xico",5,5,3.33333333333333
45800.6389467593,214,"LAF","Guadalajara","Hombre","Mexicana","21 a 22 a&#241;os",4,3,5,5,5,3,5,3,3,3,4,5,8,"xml:space=""preserve"">Se nos ha hecho mucho conciencia ","M&#233;xico",4.4,3.5,4
45800.6393402778,215,"LAF","Guadalajara","Mujer","Mexicana","23 a 24 a&#241;os",5,4,4,4,4,3,5,5,4,5,4,5,10,"Soy consciente","M&#233;xico",4.2,4.25,4.66666666666667
45800.639837963,216,"LAF","Guadalajara","Hombre","Mexicana","21 a 22 a&#241;os",5,3,3,4,4,5,4,4,5,3,3,4,8,"xml:space=""preserve"">El tanto trabajar con empresas que tienen como objetivo el desarrollo ambiental, me hizo cambiar mi mentalidad al respecto
","M&#233;xico",3.8,4.5,3.33333333333333
45800.6400462963,217,"LAF","Guadalajara","Mujer","Mexicana","21 a 22 a&#241;os",5,4,5,5,5,5,5,5,5,5,5,5,1,"Ya","M&#233;xico",4.8,5,5
45800.6403472222,218,"LAF","Guadalajara","Mujer","Mexicana","23 a 24 a&#241;os",5,4,3,2,5,5,5,2,3,4,4,4,8,"Vimos muchos tenas ESG lo que ne permitio ver cono las empresas afectan al medio ambiente","M&#233;xico",3.8,3.75,4
45800.6404166667,219,"LAF","Guadalajara","Mujer","Mexicana","21 a 22 a&#241;os",5,3,5,4,3,1,2,4,3,5,3,4,1,"En mi carrera profesional no he visto tanto a profundidad sobre la sotenibilidad","M&#233;xico",4,2.5,4
45800.6406481482,220,"LAF","Guadalajara","Hombre","Mexicana","21 a 22 a&#241;os",5,5,5,5,5,5,5,5,5,5,5,5,10,"-","M&#233;xico",5,5,5
45800.6406712963,221,"LAF","Guadalajara","Hombre","Mexicana","21 a 22 a&#241;os",5,5,5,5,5,5,5,5,5,5,5,5,10,"xml:space=""preserve"">Es importante el cuidadod el medio ambiente para un futuro ","M&#233;xico",5,5,5
45800.6408449074,222,"LAF","Guadalajara","Hombre","Mexicana","23 a 24 a&#241;os",5,3,5,2,3,4,3,2,3,5,5,5,10,",","M&#233;xico",3.6,3,5
45800.6412037037,223,"LAF","Guadalajara","Hombre","Mexicana","21 a 22 a&#241;os",5,3,3,3,3,3,3,3,3,5,5,2,4,"No tengo informacion concreta al respecto","M&#233;xico",3.4,3,4
45800.6416203704,224,"LAF","Guadalajara","Mujer","Mexicana","21 a 22 a&#241;os",5,3,5,3,3,5,4,1,2,3,3,4,10,"Recib&#237; el material suficiente para tener la conciencia suficiente acerca del tema de la sostenibilidad.","M&#233;xico",3.8,3,3.33333333333333
45800.6418287037,225,"LAF","Guadalajara","Mujer","Mexicana","23 a 24 a&#241;os",5,5,4,5,5,5,5,5,5,5,5,5,10,".","M&#233;xico",4.8,5,5
45800.6419791667,226,"LAF","Guadalajara","Hombre","Mexicana","21 a 22 a&#241;os",4,5,5,4,5,3,4,2,3,5,5,5,6,"Conocimientos aprendidos a lo largo de clases de sustentabilidad.","M&#233;xico",4.6,3,5
45800.642025463,227,"LAF","Guadalajara","Hombre","Mexicana","21 a 22 a&#241;os",4,4,5,5,5,4,4,4,4,4,4,4,8,"Por todo lo aprendido","M&#233;xico",4.6,4,4
45800.6420486111,228,"LAF","Guadalajara","Hombre","Mexicana","21 a 22 a&#241;os",4,4,5,4,5,5,3,1,4,4,4,4,9,"Aprend&#237; sobre las finanzas enfocadas en la sostenibilidad.","M&#233;xico",4.4,3.25,4
45800.6422685185,229,"LAF","Guadalajara","Mujer","Mexicana","25 a&#241;os o m&#225;s",1,2,5,3,4,4,4,5,4,4,2,2,9,"empresas ESG","M&#233;xico",3,4.25,2.66666666666667
45800.6424421296,230,"LAF","Guadalajara","Hombre","Mexicana","23 a 24 a&#241;os",1,1,4,3,3,3,3,3,3,3,3,3,8,"NO SE","M&#233;xico",2.4,3,3
45800.6430324074,231,"LAF","Guadalajara","Mujer","Mexicana","21 a 22 a&#241;os",5,5,5,3,5,5,5,3,5,4,2,4,10,"He aprendido de finanzas sostenibles y cambio mi perspectiva sobre el medio ambiente aplicado en el ambiente laboral","M&#233;xico",4.6,4.5,3.33333333333333
45800.6434722222,232,"LAF","Guadalajara","Hombre","Mexicana","21 a 22 a&#241;os",1,3,3,5,4,3,2,4,4,4,5,5,9,"xml:space=""preserve"">Siempre estuve consiente del problema que tenemos actualmente con la crisis ambiental, ahora en la carrera me lo explicaron mejor y me abrieron m&#225;s los ojos ","M&#233;xico",3.2,3.25,4.66666666666667
45800.6436805556,233,"LAF","Guadalajara","Hombre","Mexicana","21 a 22 a&#241;os",1,2,4,4,4,3,4,4,5,4,2,5,9,"Depende mucho de la persona","M&#233;xico",3,4,3.66666666666667
45800.6698842593,234,"LAF","Guadalajara","Mujer","Mexicana","23 a 24 a&#241;os",3,3,5,2,2,3,3,4,4,4,3,4,5,"Si influencio pero no tanto","M&#233;xico",3,3.5,3.66666666666667
45800.7134722222,235,"LAF","Guadalajara","Mujer","Mexicana","21 a 22 a&#241;os",5,4,5,3,4,4,4,2,3,4,3,4,9,"xml:space=""preserve"">siempre he tenido consiencia de la responsabilidad social, pero entre en temas relevantes para comprenderlas mas ","M&#233;xico",4.2,3.25,3.66666666666667
45800.7328819444,236,"LAF","Guadalajara","Hombre","Mexicana","21 a 22 a&#241;os",4,5,4,4,4,4,4,4,4,4,4,4,8,"Soy pro medio ambiente","M&#233;xico",4.2,4,4
45800.7342708333,237,"LAF","Guadalajara","Hombre","Mexicana","25 a&#241;os o m&#225;s",5,2,4,5,4,5,5,5,4,5,5,5,7,"Trato de ser ecofriendly por gusto personal y el mundo, pero no hab&#237;a pensado en l gente de zonas rurales afectadas","M&#233;xico",4,4.75,5
45800.7342824074,238,"LAF","Guadalajara","Mujer","Mexicana","21 a 22 a&#241;os",4,5,5,4,5,4,3,2,5,4,4,4,8,"xml:space=""preserve"">En su finanzas no tiene que ver mucho con la sustentabilidad. Lo que me ha hecho darme cuenta son los proyectos y retos ","M&#233;xico",4.6,3.5,4
45800.7348263889,239,"LAF","Guadalajara","Mujer","Mexicana","21 a 22 a&#241;os",4,5,5,4,5,5,5,3,5,3,4,5,10,"xml:space=""preserve"">A lo largo de mi carrera estuvimos indigando sobre la sostenibilidad y como las empresas deben ser dialmente responsables, por lo que al ver los impactos y los cambios que debemos realizar en nuestras vidas personales y profesionales, realmente cambio mi mentalidad. ","M&#233;xico",4.6,4.5,4
45800.7360069444,240,"LAF","Guadalajara","Hombre","Mexicana","21 a 22 a&#241;os",5,5,5,5,5,5,5,5,5,5,5,5,8,"Porque me hizo m&#225;s consciente","M&#233;xico",5,5,5
45800.736087963,241,"LAF","Guadalajara","Mujer","Mexicana","21 a 22 a&#241;os",2,3,4,5,5,5,5,4,4,5,4,4,7,"Hab&#237;a veces en donde las clases eran muy te&#243;ricas y no se ve&#237;an casos reales","M&#233;xico",3.8,4.5,4.33333333333333
45800.7361111111,242,"LAF","Guadalajara","Hombre","Mexicana","21 a 22 a&#241;os",5,3,5,4,4,4,3,2,1,3,3,4,4,"No me ense&#241;aron nada relvante","M&#233;xico",4.2,2.5,3.33333333333333
45800.7361921296,243,"LAF","Guadalajara","Hombre","Mexicana","21 a 22 a&#241;os",5,5,5,5,5,5,5,5,5,5,5,5,4,"xml:space=""preserve"">No nos dan mucho cocnocimiento acerca de estos temas ","M&#233;xico",5,5,5
45800.7363194444,244,"LAF","Guadalajara","Hombre","Mexicana","21 a 22 a&#241;os",4,5,5,5,5,4,2,3,3,2,4,4,8,"Sensibilizacion con materias ESG","M&#233;xico",4.8,3,3.33333333333333
45800.7363657407,245,"LAF","Guadalajara","Hombre","Mexicana","21 a 22 a&#241;os",4,2,5,4,3,3,3,4,3,5,4,4,8,"Tuve varias materias con visi&#243;n ambiental, pero ya conoc&#237;a mucha de la informaci&#243;n que se me proporcion&#243;","M&#233;xico",3.6,3.25,4.33333333333333
45800.7364699074,246,"LAF","Guadalajara","Hombre","Mexicana","23 a 24 a&#241;os",5,3,4,4,4,3,5,5,4,5,4,5,8,"xml:space=""preserve"">Creo que el leer estas preguntas hace preguntarte que esta bien y que no ","M&#233;xico",4,4.25,4.66666666666667
45800.7370717593,247,"LAF","Guadalajara","Hombre","Mexicana","21 a 22 a&#241;os",5,3,5,2,4,4,3,2,2,4,4,4,7,"No creo que haya cambiado mucho, pero si profundice mis opiniones acerca de varios temas.","M&#233;xico",3.8,2.75,4
45800.7372337963,248,"LAF","Guadalajara","Hombre","Mexicana","21 a 22 a&#241;os",5,3,4,3,5,4,3,4,5,4,3,4,9,"Inversi&#243;n en acciones alineadas con lo ESG","M&#233;xico",4,4,3.66666666666667
45800.737337963,249,"LAF","Guadalajara","Hombre","Mexicana","21 a 22 a&#241;os",1,3,4,3,4,1,3,2,2,4,4,5,7,"Me hizo ser consciente que la sostenibilidad es un tema de relevancia para todas las empresas sin importar tama&#241;o y a&#241;o con a&#241;o se promueve mucho m&#225;s este movimiento.","M&#233;xico",3,2,4.33333333333333
45800.7374421296,250,"LAF","Guadalajara","Mujer","Mexicana","21 a 22 a&#241;os",5,3,5,5,5,4,5,4,4,5,5,4,8,"Me ense&#241;aron a ser ma consciente acerca de la situacion en mi entorno","M&#233;xico",4.6,4.25,4.66666666666667
45800.7375,251,"LAF","Guadalajara","Hombre","Mexicana","21 a 22 a&#241;os",3,1,5,3,4,3,4,3,1,4,4,4,6,"xml:space=""preserve""> ","M&#233;xico",3.2,2.75,4
45800.7376736111,252,"LAF","Guadalajara","Hombre","Mexicana","23 a 24 a&#241;os",5,3,5,1,5,5,4,3,5,3,5,5,10,"xml:space=""preserve"">Considero que he aprendido bastante sobre sostenibilidad y el impacto de ella en nuestra sociedad durante mi carrera en el tec ","M&#233;xico",3.8,4.25,4.33333333333333
45800.7377777778,253,"LAF","Guadalajara","Hombre","Mexicana","21 a 22 a&#241;os",3,4,4,1,5,5,4,3,5,3,5,2,9,"Considero que he aprendido, gracuas a las herramientas del tecnologico de monterrey que nos han brindado","M&#233;xico",3.4,4.25,3.33333333333333
45800.7380902778,254,"LAF","Guadalajara","Mujer","Mexicana","21 a 22 a&#241;os",4,2,5,2,5,4,4,4,2,2,4,3,8,"Me otorgaron herramientas para medir la importancia y el impacto.","M&#233;xico",3.6,3.5,3
45800.7383796296,255,"LAF","Guadalajara","Hombre","Mexicana","23 a 24 a&#241;os",5,3,5,4,4,3,4,2,4,3,3,3,8,"xml:space=""preserve"">Soy consciente de lo que consumo y su impacto en el medio ambiente ","M&#233;xico",4.2,3.25,3
45800.7385300926,256,"LAF","Guadalajara","Mujer","Mexicana","23 a 24 a&#241;os",5,3,4,4,4,5,4,2,4,5,5,5,8,"xml:space=""preserve"">Nos ense&#241;aron que lo importante de hacer negocios no es ganar dinero, sino aportar alg&#250;n beneficio a la sociedad y al medio ambiente! ","M&#233;xico",4,3.75,5
45800.7390625,257,"LAF","Guadalajara","Hombre","Mexicana","21 a 22 a&#241;os",5,3,5,3,3,5,4,4,5,3,2,4,10,"Principalmente porque nos ense&#241;an bastante de eso, adem&#225;s es buena estar o crear un negocio de eso para poder tener mejores rendimientos al poder contribuir al planeta y llamar la atenci&#243;n de la gente con ideas renovables. El tec incentiva mucho a que sus estudiantes crees ideas que aporten positivamente.","M&#233;xico",3.8,4.5,3
45800.7393171296,258,"LAF","Guadalajara","Hombre","Mexicana","21 a 22 a&#241;os",5,2,5,2,5,5,5,4,4,5,5,4,9,"S&#233; de las necesidades del planeta, c&#243;mo ayudar y sobre todo como estar informado al respecto","M&#233;xico",3.8,4.5,4.66666666666667
45800.7393171296,259,"LAF","Guadalajara","Hombre","Colombiana","23 a 24 a&#241;os",3,5,4,2,5,1,4,1,3,3,3,3,7,"xml:space=""preserve"">fui mas conciente de mi entorno 
","Colombia",3.8,2.25,3
45800.7393171296,260,"LAF","Guadalajara","Hombre","Mexicana","21 a 22 a&#241;os",4,1,4,3,2,2,2,3,4,2,4,2,7,"Sent&#237; que no fue tan relevante su aplicaci&#243;n para lo que hac&#237;amos pero en general veo la importancia de la materia sobre todas las carreras","M&#233;xico",2.8,2.75,2.66666666666667
45800.7398726852,261,"LAF","Guadalajara","Hombre","Mexicana","21 a 22 a&#241;os",5,2,4,2,3,4,4,4,2,4,4,4,7,"Logr&#233; entender el impacto en el medio ambiente detr&#225;s de las decisiones que tomamos","M&#233;xico",3.2,3.5,4
45800.7432175926,262,"LAF","Guadalajara","Mujer","Mexicana","21 a 22 a&#241;os",5,5,5,4,5,4,5,5,5,5,5,5,5,"Considero que mi comportamiento respecto a sostenibilidad ha mejorado y con m&#225;s consciencia, sin embargo considero que ha sido a factores ajenos a la carrera universitaria ya que en contadas ocasiones pudimos explorar a profundidad lo que es realmente la sostenibilidad y sus beneficios al respecto.","M&#233;xico",4.8,4.75,5
45800.7448148148,263,"LAF","Guadalajara","Mujer","Mexicana","21 a 22 a&#241;os",2,3,5,4,4,4,5,5,5,5,4,5,7,"No siento que fuera algo necesario dentro de la evalucaion de materias y no nos dieros muchas alternativas para mitigar los efectos","M&#233;xico",3.6,4.75,4.66666666666667
45800.7551157407,264,"LAF","Guadalajara","Mujer","Mexicana","21 a 22 a&#241;os",5,5,4,5,5,5,5,3,4,4,4,5,10,"xml:space=""preserve"">Al llevar materias relacionadas con ESG puede observar las problem&#225;ticas y as&#237; entend&#237; como con mis conocimientos puedo ponerlo en pr&#225;ctica ","M&#233;xico",4.8,4.25,4.33333333333333
45800.7671412037,265,"LAF","Guadalajara","Hombre","Mexicana","21 a 22 a&#241;os",5,5,5,3,3,4,5,5,4,4,3,5,8,"xml:space=""preserve"">Tuve materias relacionadas como optativas ","M&#233;xico",4.2,4.5,4
45800.9888078704,266,"LAF","Guadalajara","Hombre","Mexicana","25 a&#241;os o m&#225;s",5,3,3,3,3,3,5,2,3,4,1,3,8,"xml:space=""preserve"">Antes no me preocupaba sobre mi impacto ambiental dadas mis acciones diarias, ahora si ","M&#233;xico",3.4,3.25,2.66666666666667
45801.6231481481,267,"LAF","Guadalajara","Mujer","Mexicana","21 a 22 a&#241;os",4,3,3,3,3,3,5,3,5,4,4,3,10,"Porque nos adentraron en todos los temas de sustenatbilidad que no conocia y te hace cambiar la perspectiva","M&#233;xico",3.2,4,3.66666666666667
45801.9557523148,268,"LAF","Guadalajara","Hombre","Mexicana","21 a 22 a&#241;os",5,4,5,1,4,4,3,3,3,2,2,4,9,"me ayud&#243; a identificar que el futuro de la sostenibilidad no va venir por parte del individuo (consumo personal), sino la gran parte de la responsabilidad e impacto recae sobre las grandes corporaciones y estructuras economicas globales.","M&#233;xico",3.8,3.25,2.66666666666667
45806.7208796296,269,"LAET","Monterrey","Mujer","Mexicana","21 a 22 a&#241;os",4,4,5,4,5,5,4,3,4,4,4,4,9,"xml:space=""preserve"">Aprend&#237; que la sostenibilidad va mas all&#225; de cuidar el planeta tierra sino cuidar y hacer sostenible todas nuestras pr&#225;cticas y estilo de vida. Si estamos bien nosotros mismos vamos a poder cuidar de los dem&#225;s. ","M&#233;xico",4.4,4,4
45806.7209953704,270,"LAET","Monterrey","Mujer","Mexicana","21 a 22 a&#241;os",5,1,3,4,4,3,2,4,4,4,4,4,8,"xml:space=""preserve"">Muchas de nuestras materia buscaban incuclar el tema de sostenibilidad y reducir tu huella de carbono. Entonces aprend&#237; mucho a crear soluciones de este tipo ","M&#233;xico",3.4,3.25,4
45806.7218865741,271,"LAET","Monterrey","Hombre","Mexicana","21 a 22 a&#241;os",4,3,5,4,4,4,4,3,3,4,3,3,8,NA,"M&#233;xico",4,3.5,3.33333333333333
45806.7221527778,272,"LAET","Monterrey","Hombre","Mexicana","21 a 22 a&#241;os",5,3,5,5,4,4,3,2,4,4,5,2,8,"xml:space=""preserve"">Considero que el tema de responsabilidad social dentro de las empresas es un tema muy importante sobre todo para las problematicas futuras que tendremeos debido a la contaminacion que ha ido en aumento. Considero que en la carrera entendimos un poco sobre el tema sin embargo no lo vimos a fondo ya que es un area del negocio que necesita especializarse para resolver de manera correcta los problemas ambientales ","M&#233;xico",4.4,3.25,3.66666666666667
45806.7228935185,273,"LAET","Monterrey","Mujer","Mexicana","21 a 22 a&#241;os",5,3,5,2,5,2,2,4,4,5,4,4,7,"Considero que mejor&#233; significativamente mi forma de vivir hacia un estilo m&#225;s sostenible, me volv&#237; m&#225;s consciente gracias a la gente que conoc&#237; y los temas que vi en las clases, sin embargo, a&#250;n tengo &#225;reas de oportunidad.","M&#233;xico",4,3,4.33333333333333
45806.7229398148,274,"LAET","Monterrey","Mujer","Mexicana","21 a 22 a&#241;os",5,3,5,3,5,4,4,4,5,5,2,4,9,"Por medio de clases de co creaci&#243;n de valor, y creaci&#243;n de valor compartido, aprend&#237; la importancia de la sustentabilidad y la ecolog&#237;a.","M&#233;xico",4.2,4.25,3.66666666666667
45806.7237731482,275,"LAET","Monterrey","Mujer","Mexicana","21 a 22 a&#241;os",5,4,4,2,4,4,2,3,2,3,3,3,6,"Durante la carrera vemos temas como el capitalismo consciente o la econom&#237;a circular, pero en realidad no hemos puesto a prueba estas estrategias para conocer sus resultados.","M&#233;xico",3.8,2.75,3
45806.7238078704,276,"LAET","Monterrey","Mujer","Mexicana","21 a 22 a&#241;os",5,4,5,3,3,4,2,2,4,5,4,4,7,"no recib&#237; tanta educaci&#243;n, unidades de formaci&#243;n o reforzamiento de los temas sobre ecolog&#237;a m&#225;s que una o dos optativas profesionales, algunas semanas tec o algunos temas dentro de uno o dos bloques pero no creo que sea suficiente.","M&#233;xico",4,3,4.33333333333333
45806.7238425926,277,"LAET","Monterrey","Hombre","Mexicana","23 a 24 a&#241;os",5,3,4,4,5,4,4,5,4,5,3,4,9,"mi mentalidad sobre la sostenibilidad cambi&#243; de verla como algo opcional a entenderla como una responsabilidad. Aprend&#237; a tomar decisiones considerando el impacto social, ambiental y econ&#243;mico, adoptando h&#225;bitos m&#225;s conscientes y promoviendo estrategias empresariales sostenibles con enfoque sist&#233;mico y de largo plazo.","M&#233;xico",4.2,4.25,4
45806.7238541667,278,"LAET","Monterrey","Hombre","Canadiense","25 a&#241;os o m&#225;s",5,4,5,2,5,5,4,5,2,4,2,4,10,"Por mi inter&#233;s propio y la cultura que a cierto grado es propulsada por el tec a crear impactos en beneficio del medio ambiente al igual que aspectos sociales. En lo personal pienso es mas importante el medio ambiente y siempre he tratado de poner de mi parte mientras que lo social esta en plano secundario. Mi l&#243;gica es que la sociedad puede agruparse, organizarse y cuidarse a si misma a cierto grado, como especie dominante y la mas nociva es nuestro deber cuidar al medio ambiente. Hay medio ambiente sin sociedad, pero no hay sociedad si no cuidamos el medio ambiente.","Canad&#225;",4.2,4,3.33333333333333
45806.7241666667,279,"LAET","Monterrey","Mujer","Mexicana","21 a 22 a&#241;os",4,3,4,2,3,4,5,4,4,4,4,3,10,"No tenia idea de la cantidad de contaminacion que generan las industrias hasta que lo vi durante mis clases y me hizo reflexionar sobre las marcas que consumo","M&#233;xico",3.2,4.25,3.66666666666667
45806.7241898148,280,"LAET","Monterrey","Hombre","Mexicana","21 a 22 a&#241;os",4,1,1,3,4,2,4,3,2,5,4,4,9,"Dado a que dentro de nuestras actividades y modelos de negocio a implementar siempre buscamos tener un impacto positivo en el &#225;mbito social y ambiental","M&#233;xico",2.6,2.75,4.33333333333333
45806.724212963,281,"LAET","Monterrey","Mujer","Mexicana","21 a 22 a&#241;os",4,1,5,4,4,3,2,3,5,4,3,4,8,"En la mayor&#237;a de las propuestas que tenemos que elaborar para los socioformadores la parte de sostenibilidad es fundamental para asegurar su posicionamiento y responsabilidad social.","M&#233;xico",3.6,3.25,3.66666666666667
45806.7242476852,282,"LAET","Monterrey","Mujer","Mexicana","21 a 22 a&#241;os",5,3,5,5,5,5,3,3,4,5,3,4,8,"xml:space=""preserve"">En mis proyectos constantemente nos solicitaban incluir un parte de sostenibilidad y ecolog&#237;a  para  tener un balance en cuento nuestra propuesta y pensamientos ","M&#233;xico",4.6,3.75,4
45806.7243171296,283,"LAET","Monterrey","Hombre","Mexicana","21 a 22 a&#241;os",4,3,5,2,4,4,1,3,2,4,4,4,8,"Llegu&#233; a tener una materia de ecolog&#237;a aunque no estaba relacionada a mi carrera universitaria (LAET), pero si llegu&#233; a adquirir nuevos conocimientos y se abri&#243; m&#225;s mi panorama sobre este tema y me ayud&#243; a reflexionar m&#225;s sobre la conciencia de nuestras actividades y como impactan al medio ambiente","M&#233;xico",3.6,2.5,4
45806.7244212963,284,"LAET","Monterrey","Mujer","Mexicana","21 a 22 a&#241;os",5,3,5,5,5,3,3,1,1,5,5,5,6,NA,"M&#233;xico",4.6,2,5
45806.7244444444,285,"LAET","Monterrey","Mujer","Mexicana","21 a 22 a&#241;os",5,3,5,4,5,4,4,3,3,4,4,2,7,"Varios proyectos nos ayudaron a crear conciencia","M&#233;xico",4.4,3.5,3.33333333333333
45806.7255555556,286,"LAET","Monterrey","Hombre","Mexicana","21 a 22 a&#241;os",4,4,5,5,5,4,5,4,4,4,4,4,9,"El por qu&#233; de mi respuesta es debido a mi involucramiento en distintos proyectos de sostenibilidad o responsabilidad social corporativa, en la que he generado una mayor sensibilidad en los distintos aspectos que rodean el tema. Aunado a esto, el ver temas como el triple bottom line, capitalismo consciente y la construcci&#243;n de canvas sociales de negocios fueron forjando progresivamente un criterio personal en cuanto a este tema, a pesar de que mi carrera (Licenciatura en Estrategia y Transformaci&#243;n de Negocios) no forme el mayor expertise en el plan acad&#233;mico cursado.","M&#233;xico",4.6,4.25,4
45806.7256018519,287,"LAET","Monterrey","Mujer","Mexicana","21 a 22 a&#241;os",5,5,5,5,5,4,5,5,5,5,5,5,10,"Durante mi carrera profesional comprend&#237; la conexi&#243;n entre nuestras decisiones diarias y su impacto en el medio ambiente. Aprend&#237; sobre consumo responsable, econom&#237;a circular y sostenibilidad empresarial, lo cual me motiv&#243; a adoptar h&#225;bitos m&#225;s conscientes, como reducir el uso de pl&#225;sticos, optar por transporte compartido y apoyar productos locales. Estos aprendizajes transformaron mi forma de pensar y actuar en lo personal y profesional","M&#233;xico",5,4.75,5
45806.726099537,288,"LAET","Monterrey","Mujer","Mexicana","21 a 22 a&#241;os",4,3,5,4,4,4,4,2,4,4,4,4,10,".","M&#233;xico",4,3.5,4
45806.7262847222,289,"LAET","Monterrey","Mujer","Mexicana","21 a 22 a&#241;os",4,3,5,5,5,3,3,4,3,4,4,3,7,"En la carrera hemos visto mucho la importancia de voltear a ver el lado ambiental en las empresas, en cuanto a su impacto tanto positivo como negativo y pensar en ciertas estrategias relacionadas al impacto positivo en la cadena de valor al tener en mente el impacto ambiental. Del mimo modo que hemos visto respecto a la certificaci&#243;n de empresas B y c&#243;mo se puede beneficiar la empresa misma al voltear a ver al medio ambiente como un stakeholder en conjunto y en parte relacionado con la sociedad.","M&#233;xico",4.4,3.25,3.66666666666667
45806.7263773148,290,"LAET","Monterrey","Mujer","Mexicana","21 a 22 a&#241;os",5,3,4,2,2,5,4,2,3,3,4,3,9,"Todos nuestros proyectos con empresas van de la mano con propuestas sostenibles y verdes siempre buscando responsabilidad social y ambiental","M&#233;xico",3.2,3.5,3.33333333333333
45806.7269560185,291,"LAET","Monterrey","Hombre","Mexicana","21 a 22 a&#241;os",4,3,5,4,5,2,5,1,1,3,5,5,10,"Antes no ten&#237;a consciencia sobre el cuidado del medio ambiente, ni del cuidado de la salud de las personas tanto en lo personal como en el ambiente laboral. Aprend&#237; que toda empresa debe de seguir las normativas ambientales, alinearse a los ODS y el convertirse en empresas social y ambientalmente responsables.","M&#233;xico",4.2,2.25,4.33333333333333
45806.7300810185,292,"LAET","Monterrey","Mujer","Mexicana","21 a 22 a&#241;os",5,1,4,2,4,5,2,3,5,4,4,4,10,"xml:space=""preserve"">Soy muy consciente que mis acciones tienen un alto impacto en mi entorno y que solo tenemos un planeta para vivir. ","M&#233;xico",3.2,3.75,4
45806.8891435185,293,"LAET","Monterrey","Mujer","Mexicana","21 a 22 a&#241;os",5,3,5,3,4,4,4,5,4,4,4,5,9,"xml:space=""preserve"">En realidad he tenido el privilegio de conocer el tema desde que tengo memoria. Sin embargo, las clases que he tomado a lo largo de mi carrera profesional han enriquecido mi conocimiento, expandiendo mi razonamiento a investigar a profundidad ciertas pr&#225;cticas, conocer acerca de las empresas multinacionales y como estas empresas son las que mueven al mundo. Dentro de toda su cadena de valor, impacta directa e indirectamente al resto del mundo. ","M&#233;xico",4,4.25,4.33333333333333
45812.4721412037,294,"LAET","Monterrey","Mujer","Mexicana","21 a 22 a&#241;os",5,4,5,5,5,4,4,4,4,4,5,4,9,"xml:space=""preserve"">En los temas de mi clase y optativas junto a grupos estudiantiles mi perspectiva fue ampliada ","M&#233;xico",4.8,4,4.33333333333333
45812.4727893519,295,"LAET","Monterrey","Hombre","Mexicana","21 a 22 a&#241;os",4,3,3,4,5,5,4,5,5,4,3,4,9,"xml:space=""preserve"">A lo largo de mis 4 a&#241;os, comprend&#237; que la sostenibilidad no solo es una tendencia, sino una necesidad para garantizar el bienestar social, econ&#243;mico y ambiental. Aprend&#237; a integrar pr&#225;cticas sostenibles en la toma de decisiones, identificar el impacto de las actividades empresariales y a valorar el equilibrio entre desarrollo y conservaci&#243;n. ","M&#233;xico",3.8,4.75,3.66666666666667
45812.4733680556,296,"LAET","Monterrey","Mujer","Mexicana","21 a 22 a&#241;os",5,3,4,5,4,3,4,3,4,3,3,5,7,"xml:space=""preserve"">Estuve en una optativa que se enfocaba en el medio ambiente y lo ecol&#243;gico ","M&#233;xico",4.2,3.5,3.66666666666667
45812.4734837963,297,"LAET","Monterrey","Hombre","Mexicana","21 a 22 a&#241;os",5,4,5,4,4,5,4,5,5,4,3,4,9,"xml:space=""preserve"">Es problema que puede afectar a las futuras generaciones ","M&#233;xico",4.4,4.75,3.66666666666667
45812.473587963,299,"LAET","Monterrey","Mujer","Mexicana","21 a 22 a&#241;os",5,3,4,4,5,4,1,2,4,3,4,3,10,"xml:space=""preserve"">Yo antes no le tenia tanta importancia a la sostenibilidad pero a trav&#233;s de la carrera me hicieron abrir los ojos y me hacen enfocarme ya en todo incluyendo siempre la sostenibilidad. ","M&#233;xico",4.2,2.75,3.33333333333333
45812.4736921296,300,"LAET","Monterrey","Mujer","Mexicana","21 a 22 a&#241;os",3,2,5,4,3,2,5,5,4,4,3,2,8,".","M&#233;xico",3.4,4,3
45812.4737037037,301,"LAET","Monterrey","Mujer","Mexicana","21 a 22 a&#241;os",5,1,5,5,3,4,3,3,1,4,4,3,8,"xml:space=""preserve"">Considero q yo ya hac&#237;a varias cosas para la sostenibilidad pero tambi&#233;n me ayud&#243; un poco el tec y una amiga q estudia IDS ah&#237; en el tec tambi&#233;n me ayud&#243; mucho ","M&#233;xico",3.8,2.75,3.66666666666667
45812.4737384259,302,"LAET","Monterrey","Mujer","Mexicana","21 a 22 a&#241;os",4,4,2,5,5,5,5,5,5,5,5,5,10,"todo al 100","M&#233;xico",4,5,5
45812.4740740741,303,"LAET","Monterrey","Hombre","Mexicana","23 a 24 a&#241;os",5,4,4,4,2,5,5,2,4,5,4,4,6,"Te hacen ver la realidad.","M&#233;xico",3.8,4,4.33333333333333
45812.4743981482,304,"LAET","Monterrey","Mujer","Mexicana","21 a 22 a&#241;os",5,4,5,3,5,5,5,4,3,3,5,5,9,"Aprendi mucho de cosas nuevas","M&#233;xico",4.4,4.25,4.33333333333333
45812.4747106481,305,"LAET","Monterrey","Mujer","Mexicana","21 a 22 a&#241;os",4,2,4,4,5,3,4,4,5,4,4,3,8,"xml:space=""preserve"">EN VARIAS OCASIONES DE EN MI CARRERA INCLU&#205;AN ODS Y NEGOCIOS SOSTENIBLES POR LO QUE ENTEND&#205; LA IMPORTANCIA DE INCLUIR ESTO EN LOS NEGOCIOS Y VER M&#193;S ALL&#193; DE HACER DINERO ","M&#233;xico",3.8,4,3.66666666666667
45812.474837963,306,"LAET","Monterrey","Mujer","Mexicana","21 a 22 a&#241;os",5,3,4,4,4,4,3,3,4,3,3,2,8,"Creo que no impacto como tal en mis pr&#225;cticas sostenibles, pero si me ayudo a ver como las empresas lo pueden implementar y aprendi mucho a cerca de eso","M&#233;xico",4,3.5,2.66666666666667
45812.4750347222,307,"LAET","Monterrey","Mujer","Mexicana","21 a 22 a&#241;os",4,3,5,3,4,4,4,5,3,4,3,4,10,"xml:space=""preserve"">En el &#225;rea de negocios siempre nos inculcaron la importancia de que una empresa sea socialmente responsable o genere valor compartido a la sociedad y en confomre nos ense&#241;aban eso, los principales factores que vismos fueron el factor ambiental y el apoyo a la compra de productos locales, es por ello que ahora soy m&#225;s conciente del  imapcto que genero en el medio ambiente y en mi sociedad tratando de tomar decisiones que nos ayuden a tener un mundo m&#225;s sostenible al largo plazo. ","M&#233;xico",3.8,4,3.66666666666667
45812.4757175926,308,"LAET","Monterrey","Hombre","Mexicana","21 a 22 a&#241;os",4,4,4,3,4,2,4,2,3,4,2,2,8,"xml:space=""preserve"">La mayor&#237;a de los proyectos fueron relacionados a sostenibilidad, estas investigaciones me hicieron entrar en raz&#243;n sobre el tema y la importancia de esta. ","M&#233;xico",3.8,2.75,2.66666666666667
45812.4758564815,309,"LAET","Monterrey","Mujer","Mexicana","21 a 22 a&#241;os",5,3,4,4,4,3,2,2,3,3,3,2,7,"Considero que mi mentalidad y comportamiento respecto a la sostenibilidad han cambiado en un 7 porque, a lo largo de mi formaci&#243;n profesional, adquir&#237; conciencia sobre la importancia de implementar pr&#225;cticas sostenibles. He incorporado varias de estas pr&#225;cticas en mi vida diaria y profesional, aunque reconozco que a&#250;n hay &#225;reas en las que puedo seguir mejorando","M&#233;xico",4,2.5,2.66666666666667
45812.4759143519,310,"LAET","Monterrey","Mujer","Mexicana","21 a 22 a&#241;os",5,3,5,5,5,5,4,4,5,5,5,5,10,"xml:space=""preserve"">Siempre hab&#237;a alguna clase relacionada a la agenda 2030 y los ODS, adem&#225;s de tratar de hacer consciencia ","M&#233;xico",4.6,4.5,5
45812.4761226852,311,"LAET","Monterrey","Hombre","Mexicana","23 a 24 a&#241;os",4,4,5,4,4,4,3,4,4,4,4,4,9,"me dio una nueva perspectiva de los negocios sostenibles","M&#233;xico",4.2,3.75,4
45812.4763194445,312,"LAET","Monterrey","Mujer","Mexicana","23 a 24 a&#241;os",4,2,5,2,5,4,3,3,4,4,3,2,9,"Mi carrera me permiti&#243; profundizar en la importancia de la responsabilidad en las decisiones de compra y c&#243;mo estas pueden influir directamente en la responsabilidad social.","M&#233;xico",3.6,3.5,3
45812.4763194445,313,"LAET","Monterrey","Mujer","Mexicana","21 a 22 a&#241;os",5,4,5,4,5,4,3,4,5,5,4,5,9,"Tuvimos muchas clases con enfoque en la sostenibilidad","M&#233;xico",4.6,4,4.66666666666667
45812.4764930555,314,"LAET","Monterrey","Mujer","Mexicana","21 a 22 a&#241;os",4,1,5,4,3,4,2,4,3,4,4,4,10,"xml:space=""preserve"">Es muy importante para el d&#237;a a d&#237;a y cualquier cosa a la que te dediques puedes hacer algo m&#237;nimo para ayudar a la sostenibilidad y es de gran ayuda ","M&#233;xico",3.4,3.25,4
45812.4766550926,315,"LAET","Monterrey","Hombre","Ecuatoriana","23 a 24 a&#241;os",4,4,5,3,5,4,3,3,4,4,4,4,8,"Creo que si cambi&#243; pero no al 100","Ecuador",4.2,3.5,4
45812.4768865741,316,"LAET","Monterrey","Mujer","Mexicana","21 a 22 a&#241;os",4,4,5,3,5,4,3,2,3,5,4,4,8,"xml:space=""preserve"">Me ense&#241;aron elementos valiosos como el Triple Bottom Line, Negocios Conscientes y el Capitalismo Consciente. Comprend&#237; la importancia de darle valor a elementos ambientales y sociales, y no solo enfocarse en factores de generaci&#243;n econ&#243;mica. ","M&#233;xico",4.2,3,4.33333333333333
45812.4773263889,317,"LAET","Monterrey","Mujer","Mexicana","21 a 22 a&#241;os",5,4,5,4,4,4,3,5,4,4,4,4,9,"xml:space=""preserve"">Nos enfocabamos mucho en hacer negocios conscientes y sostenibles ","M&#233;xico",4.4,4,4
45812.4798148148,318,"LAET","Monterrey","Hombre","Mexicana","21 a 22 a&#241;os",3,3,4,3,3,3,4,3,4,3,4,4,7,"Aprend&#237; mucho sobre su importancia para el futuro, y las generaciones que siguen.","M&#233;xico",3.2,3.5,3.66666666666667
45812.4805324074,319,"LAET","Monterrey","Mujer","Mexicana","21 a 22 a&#241;os",4,3,5,2,4,5,3,4,4,4,4,4,9,"Al principio pensaba que era solo un tema de cuidar el medio ambiente, pero ahora entiendo que tambi&#233;n tiene que ver con c&#243;mo las empresas tratan a las personas, usan sus recursos y piensan en el futuro.
Aprend&#237; que una empresa puede ser responsable con el planeta y con la sociedad, y al mismo tiempo ser rentable. Ahora valoro mucho m&#225;s tomar decisiones que no solo beneficien a la empresa, sino tambi&#233;n al entorno y a la comunidad.","M&#233;xico",3.6,4,4
45812.4822222222,320,"LAET","Monterrey","Mujer","Mexicana","21 a 22 a&#241;os",5,4,5,4,5,5,5,5,4,3,3,4,9,"xml:space=""preserve"">Gracias a los modelos de Triple Bottom Line, Canvas Social y Capitalismo Consciente, me hicieron comprender nuestro impacto como personas en el mundo, como nuestras acciones pueden generar cambios positivos en el medio ambiente y sociedad. Lo que nos deja a nosotros la responsabilidad como futuros l&#237;deres en organizaciones, de impulsar cambios conscientes que haga una a la sociedad un mejor lugar en el futuro ","M&#233;xico",4.6,4.75,3.33333333333333
45812.4904282407,321,"LAET","Monterrey","Hombre","Mexicana","23 a 24 a&#241;os",5,3,5,4,3,3,1,4,4,4,4,4,10,"xml:space=""preserve"">Considero que es un tema recurrente, y de gran valor, anterior a la carrera no lo logr&#233; escuchar con tanta frecuencia y creo que despues de estos 4 a&#241;os de carrera logras comprender y normalizar que es un tema que debe estar presenta a la hora de implementar cualquier idea, ya se proyecto social, de innovaci&#243;n o de negocio. ","M&#233;xico",4,3,4
